# ************************************************************
# Sequel Pro SQL dump
# Version 4135
#
# http://www.sequelpro.com/
# http://code.google.com/p/sequel-pro/
#
# Host: 127.0.0.1 (MySQL 5.5.42)
# Database: birdquizz
# Generation Time: 2017-05-04 15:39:30 +0000
# ************************************************************


/*!40101 SET @OLD_CHARACTER_SET_CLIENT=@@CHARACTER_SET_CLIENT */;
/*!40101 SET @OLD_CHARACTER_SET_RESULTS=@@CHARACTER_SET_RESULTS */;
/*!40101 SET @OLD_COLLATION_CONNECTION=@@COLLATION_CONNECTION */;
/*!40101 SET NAMES utf8 */;
/*!40014 SET @OLD_FOREIGN_KEY_CHECKS=@@FOREIGN_KEY_CHECKS, FOREIGN_KEY_CHECKS=0 */;
/*!40101 SET @OLD_SQL_MODE=@@SQL_MODE, SQL_MODE='NO_AUTO_VALUE_ON_ZERO' */;
/*!40111 SET @OLD_SQL_NOTES=@@SQL_NOTES, SQL_NOTES=0 */;


# Dump of table level
# ------------------------------------------------------------

DROP TABLE IF EXISTS `level`;

CREATE TABLE `level` (
  `id` int(11) NOT NULL AUTO_INCREMENT,
  `name` varchar(100) DEFAULT NULL,
  `difficulte` int(11) DEFAULT NULL,
  PRIMARY KEY (`id`)
) ENGINE=InnoDB DEFAULT CHARSET=latin1;

LOCK TABLES `level` WRITE;
/*!40000 ALTER TABLE `level` DISABLE KEYS */;

INSERT INTO `level` (`id`, `name`, `difficulte`)
VALUES
	(1,'facile',1),
	(2,'intermediaire',2),
	(3,'difficile',3);

/*!40000 ALTER TABLE `level` ENABLE KEYS */;
UNLOCK TABLES;


# Dump of table party
# ------------------------------------------------------------

DROP TABLE IF EXISTS `party`;

CREATE TABLE `party` (
  `id` int(11) NOT NULL AUTO_INCREMENT,
  `token` varchar(50) DEFAULT NULL,
  `pseudo` varchar(50) DEFAULT NULL,
  `score` int(11) DEFAULT NULL,
  `niveau` int(11) DEFAULT NULL,
  `status` varchar(25) DEFAULT NULL,
  PRIMARY KEY (`id`)
) ENGINE=InnoDB DEFAULT CHARSET=latin1;

LOCK TABLES `party` WRITE;
/*!40000 ALTER TABLE `party` DISABLE KEYS */;

INSERT INTO `party` (`id`, `token`, `pseudo`, `score`, `niveau`, `status`)
VALUES
	(1,'j7vw9bqdfbf15kblunz86q4j3m2fyl2b','MICHEL',NULL,NULL,NULL),
	(2,'mi86tfllz4hrrthivfdhm7wp88jzdwmc','LKJHG',NULL,NULL,NULL),
	(3,'f3c65vqcc4dtd1a431r5nymuh7ih63iy','LKJ',NULL,NULL,NULL),
	(4,'1k1nzv2bc6ppfuv51mw8t8wtmrwg1b3a','LK',NULL,NULL,NULL),
	(5,'cuznyv68la8t9c18zkon7t9jl34l3obj','M',NULL,NULL,NULL),
	(6,'6q9omylrvrvemydy8zcm22gdt4t787pi','M',NULL,NULL,NULL),
	(7,'y4jdynkd1ov1eeovvveic1vvu1etcd1u','LK',NULL,NULL,NULL),
	(8,'jav39qryedkrn2rggdu9mhg28yzdl2r5','KJH',NULL,NULL,NULL),
	(9,'mhv2jdza32qqlana9akgww3p7dyvnawy','MLKJHG',NULL,NULL,NULL),
	(10,'yvhdbkvlrczcbs8pspsbnrec2o2lo6c3','LKJ',NULL,NULL,NULL),
	(11,'zd978di2bccofmt9yien531dcrrlcutn','LKJH',NULL,NULL,NULL),
	(12,'9eeryaal2hzzjaz93lu1r4bkf3ozhve8','KJH',NULL,NULL,NULL),
	(13,'2rsqfggelb8kz91ciswce4oj8ycsr4sy','LKJ',NULL,NULL,NULL),
	(14,'5fbbbfc2td2ktgl17qtegv8lny4y7rgo','LKJ',NULL,NULL,NULL),
	(15,'ue5tugvtme77hwifye96hettl46jpywo','KJHG',NULL,NULL,NULL),
	(16,'pf34ohhheilts47uzsyyhkcg7179mbmt','D',NULL,NULL,NULL),
	(17,'uurgv7re7n6mzg2honhwc7vmfgukfe2e','LKJHG',NULL,NULL,NULL),
	(18,'n5elh1aqvtryd2c2pz65llrdse6uwy6s','LKJHG',NULL,NULL,NULL),
	(19,'ijontau4d5h432evrcjy6qbg5edcgd6j','LKJHGF',NULL,NULL,NULL),
	(20,'1dibzjl3wdtijp1kjg3inoq5budheghy','OIUYT',NULL,NULL,NULL),
	(21,'8s2f74l1alztr7a7w8z64d5okraghsiy','lkjh',NULL,NULL,NULL),
	(22,'qs4lczrgm8y9rmqpf7it6togmu1svqqp','LKJHG',NULL,NULL,NULL),
	(23,'lo8q6fbdsbm6mpbknq15wq9jvgmra3bk','d',NULL,NULL,NULL),
	(24,'7f4kcbvmovvrwfitk2da1sueiaes3cbz','IUG',NULL,NULL,NULL),
	(25,'lv2zm5l4p6ujz6wivbutrwp9ha3kvsup','POIUYTR',NULL,NULL,NULL),
	(26,'se3m9147r3rv7gea7yun3kh9er35555b','KJH',NULL,NULL,NULL),
	(27,'2h15fj2tdk8sm7llvu7lq8rfdulkhjrb','MLKJHGF',NULL,NULL,NULL),
	(28,'tt3lyrvfzmneftov58znzsoh4de15pwa','pkojihg',NULL,NULL,NULL),
	(29,'uqjveiykr8kcjrkqiojvs1lzn27odrtw','MLKJHGF',NULL,NULL,NULL),
	(30,'le4r5b3j4v4hshovnfrrsvtoocyeobqi','LKJH',NULL,NULL,NULL),
	(31,'9jgk7hs3nevdkenir7f7z17517w8o1lz','LIUJH',NULL,NULL,NULL),
	(32,'h6wbpdf8r4tsi5czab5tvd24s8oz1bwb','LKJH',NULL,NULL,NULL),
	(33,'991ts2fch9aw4vlg19um92o1shoviz6y','KJHGF',NULL,NULL,NULL),
	(34,'idb7g4un17qk4f8hprtjogw1dwnbbi87','LKJB',NULL,NULL,NULL),
	(35,'6w9avtzza5erot9l9qi5qbg48meni5by','JHG',NULL,NULL,NULL),
	(36,'wshf9ihkrc2wze81nan584yb96bo3udr','LKJHG',NULL,NULL,NULL),
	(37,'8w1fg8hb67371ul8bm96vfn5n5wmlt5l','LKJH',NULL,NULL,NULL),
	(38,'ptwacrybrm7wdlww4ev11sl2gyw95vmq','MLKJH',NULL,NULL,NULL),
	(39,'q1lgu372roqd2ywhjrwu6z2l21do6nby','LKJ',NULL,NULL,NULL),
	(40,'hwqijhzco3daaw9tmqur8yf5ysd35tsa','LKJ',NULL,NULL,NULL),
	(41,'wz2isd2n5utp3fmb5tzvcs5byrv3oln5','PIERRE',NULL,NULL,NULL),
	(42,'94kdm8tjerae9truonnnh3ab57jvfkhs','MICHEL',NULL,NULL,NULL),
	(43,'qda8t3i58ogpseet1vjz3bgdhewefbp6','<script> alert(\'yo\');</script>',NULL,NULL,NULL),
	(44,'bueew4me43yecsshd4qsk8tprunlrk9e','MICHEL',NULL,NULL,NULL),
	(45,'4qyj7j8yzb78y6u8dt64o44bqvnaauon','MICHEL',NULL,NULL,NULL),
	(46,'4s5z8sqyaihvy7okkzzap2cy1idio8iu','MICHEL',NULL,NULL,NULL),
	(47,'8o8ub2jcof9mmhsyqcmzntd6a9cu94vw','njk',NULL,NULL,NULL),
	(48,'lyoo3c7ivs7c57bpqmffd5mczh6ju5jd','MICHEL',NULL,NULL,NULL),
	(49,'2cr4nrl49fvdv2wmcel4mrcdwedmnma9','MICHEL',NULL,NULL,NULL);

/*!40000 ALTER TABLE `party` ENABLE KEYS */;
UNLOCK TABLES;


# Dump of table party2questions
# ------------------------------------------------------------

DROP TABLE IF EXISTS `party2questions`;

CREATE TABLE `party2questions` (
  `id` int(11) NOT NULL,
  `id_questions` int(11) NOT NULL,
  `step` int(11) DEFAULT NULL,
  PRIMARY KEY (`id`,`id_questions`),
  KEY `FK_relation4_id_questions` (`id_questions`),
  CONSTRAINT `FK_relation4_id` FOREIGN KEY (`id`) REFERENCES `party` (`id`),
  CONSTRAINT `FK_relation4_id_questions` FOREIGN KEY (`id_questions`) REFERENCES `questions` (`id`)
) ENGINE=InnoDB DEFAULT CHARSET=latin1;



# Dump of table questions
# ------------------------------------------------------------

DROP TABLE IF EXISTS `questions`;

CREATE TABLE `questions` (
  `id` int(11) NOT NULL AUTO_INCREMENT,
  `texte` varchar(300) DEFAULT NULL,
  `type` tinyint(25) DEFAULT NULL,
  `url` varchar(150) DEFAULT NULL,
  `info` varchar(150) DEFAULT NULL,
  `id_level` int(11) NOT NULL,
  PRIMARY KEY (`id`),
  KEY `FK_questions_id_level` (`id_level`),
  CONSTRAINT `FK_questions_id_level` FOREIGN KEY (`id_level`) REFERENCES `level` (`id`)
) ENGINE=InnoDB DEFAULT CHARSET=latin1;

LOCK TABLES `questions` WRITE;
/*!40000 ALTER TABLE `questions` DISABLE KEYS */;

INSERT INTO `questions` (`id`, `texte`, `type`, `url`, `info`, `id_level`)
VALUES
	(1,'De quel groupe fait partie cette espèce ?',2,'http://www.oiseaux.net/photos/didier.collin/images/martin-pecheur.d.europe.dico.1p.150.h.jpg','http://www.oiseaux.net/oiseaux/martin-pecheur.d.europe.html',1),
	(2,'De quel groupe fait partie cette espèce ?',2,'http://www.oiseaux.net/photos/didier.collin/images/merle.noir.dico.3p.150.h.jpg','http://www.oiseaux.net/oiseaux/merle.noir.html',1),
	(3,'De quel groupe fait partie cette espèce ?',2,'http://www.oiseaux.net/photos/didier.collin/images/troglodyte.mignon.dico.3p.150.h.jpg','http://www.oiseaux.net/oiseaux/troglodyte.mignon.html',1),
	(4,'De quel groupe fait partie cette espèce ?',2,'http://www.oiseaux.net/photos/didier.collin/images/pic.epeiche.dico.2p.150.h.jpg','http://www.oiseaux.net/oiseaux/pic.epeiche.html',1),
	(5,'De quel groupe fait partie cette espèce ?',2,'http://www.oiseaux.net/photos/didier.collin/images/tadorne.de.belon.dico.8p.150.h.jpg','http://www.oiseaux.net/oiseaux/tadorne.de.belon.html',1),
	(6,'De quel groupe fait partie cette espèce ?',2,'http://www.oiseaux.net/photos/didier.collin/images/avocette.elegante.dico.5p.150.h.jpg','http://www.oiseaux.net/oiseaux/avocette.elegante.html',1),
	(7,'De quel groupe fait partie cette espèce ?',2,'http://www.oiseaux.net/photos/aurelien.audevard/images/pouillot.veloce.auau.4p.150.h.jpg','http://www.oiseaux.net/oiseaux/pouillot.veloce.html',1),
	(8,'De quel groupe fait partie cette espèce ?',2,'http://www.oiseaux.net/photos/didier.collin/images/aigrette.garzette.dico.3p.150.h.jpg','http://www.oiseaux.net/oiseaux/aigrette.garzette.html',1),
	(9,'De quel groupe fait partie cette espèce ?',2,'http://www.oiseaux.net/photos/aurelien.audevard/images/bruant.proyer.auau.8p.150.h.jpg','http://www.oiseaux.net/oiseaux/bruant.proyer.html',1),
	(10,'De quel groupe fait partie cette espèce ?',2,'http://www.oiseaux.net/photos/didier.collin/images/canard.colvert.dico.1p.150.h.jpg','http://www.oiseaux.net/oiseaux/canard.colvert.html',1),
	(11,'De quel groupe fait partie cette espèce ?',2,'http://www.oiseaux.net/photos/didier.collin/images/tourterelle.turque.dico.1p.150.h.jpg','http://www.oiseaux.net/oiseaux/tourterelle.turque.html',1),
	(12,'De quel groupe fait partie cette espèce ?',2,'http://www.oiseaux.net/photos/didier.collin/images/gallinule.poule-d.eau.dico.5p.150.h.jpg','http://www.oiseaux.net/oiseaux/gallinule.poule-d.eau.html',1),
	(13,'De quel groupe fait partie cette espèce ?',2,'http://www.oiseaux.net/photos/aurelien.audevard/images/rougequeue.noir.auau.6p.150.h.jpg','http://www.oiseaux.net/oiseaux/rougequeue.noir.html',1),
	(14,'De quel groupe fait partie cette espèce ?',2,'http://www.oiseaux.net/photos/didier.collin/images/mesange.a.longue.queue.dico.6p.150.h.jpg','http://www.oiseaux.net/oiseaux/mesange.a.longue.queue.html',1),
	(15,'De quel groupe fait partie cette espèce ?',2,'http://www.oiseaux.net/photos/didier.collin/images/buse.variable.dico.1p.150.h.jpg','http://www.oiseaux.net/oiseaux/buse.variable.html',1),
	(16,'De quel groupe fait partie cette espèce ?',2,'http://www.oiseaux.net/photos/didier.collin/images/fuligule.milouin.dico.1p.150.h.jpg','http://www.oiseaux.net/oiseaux/fuligule.milouin.html',1),
	(17,'De quel groupe fait partie cette espèce ?',2,'http://www.oiseaux.net/photos/didier.collin/images/corneille.noire.dico.2p.150.h.jpg','http://www.oiseaux.net/oiseaux/corneille.noire.html',1),
	(18,'De quel groupe fait partie cette espèce ?',2,'http://www.oiseaux.net/photos/didier.collin/images/verdier.d.europe.dico.3p.150.h.jpg','http://www.oiseaux.net/oiseaux/verdier.d.europe.html',1),
	(19,'De quel groupe fait partie cette espèce ?',2,'http://www.oiseaux.net/photos/didier.collin/images/echasse.blanche.dico.8p.150.h.jpg','http://www.oiseaux.net/oiseaux/echasse.blanche.html',1),
	(20,'De quel groupe fait partie cette espèce ?',2,'http://www.oiseaux.net/photos/aurelien.audevard/images/chardonneret.elegant.auau.4p.150.h.jpg','http://www.oiseaux.net/oiseaux/chardonneret.elegant.html',1),
	(21,'De quel groupe fait partie cette espèce ?',2,'http://www.oiseaux.net/photos/didier.collin/images/linotte.melodieuse.dico.1p.150.h.jpg','http://www.oiseaux.net/oiseaux/linotte.melodieuse.html',1),
	(22,'De quel groupe fait partie cette espèce ?',2,'http://www.oiseaux.net/photos/didier.collin/images/canard.chipeau.dico.1p.150.h.jpg','http://www.oiseaux.net/oiseaux/canard.chipeau.html',1),
	(23,'De quel groupe fait partie cette espèce ?',2,'http://www.oiseaux.net/photos/didier.collin/images/mesange.bleue.dico.9p.150.h.jpg','http://www.oiseaux.net/oiseaux/mesange.bleue.html',1),
	(24,'De quel groupe fait partie cette espèce ?',2,'http://www.oiseaux.net/photos/didier.collin/images/grive.musicienne.dico.1p.150.h.jpg','http://www.oiseaux.net/oiseaux/grive.musicienne.html',1),
	(25,'De quel groupe fait partie cette espèce ?',2,'http://www.oiseaux.net/photos/didier.collin/images/vanneau.huppe.dico.1p.150.h.jpg','http://www.oiseaux.net/oiseaux/vanneau.huppe.html',1),
	(26,'De quel groupe fait partie cette espèce ?',2,'http://www.oiseaux.net/photos/didier.collin/images/pigeon.ramier.dico.1p.150.h.jpg','http://www.oiseaux.net/oiseaux/pigeon.ramier.html',1),
	(27,'De quel groupe fait partie cette espèce ?',2,'http://www.oiseaux.net/photos/didier.collin/images/courlis.cendre.dico.2p.150.h.jpg','http://www.oiseaux.net/oiseaux/courlis.cendre.html',1),
	(28,'De quel groupe fait partie cette espèce ?',2,'http://www.oiseaux.net/photos/didier.collin/images/cygne.tubercule.dico.3p.150.h.jpg','http://www.oiseaux.net/oiseaux/cygne.tubercule.html',1),
	(29,'De quel groupe fait partie cette espèce ?',2,'http://www.oiseaux.net/photos/didier.collin/images/mouette.rieuse.dico.7p.150.h.jpg','http://www.oiseaux.net/oiseaux/mouette.rieuse.html',1),
	(30,'De quel groupe fait partie cette espèce ?',2,'http://www.oiseaux.net/photos/didier.collin/images/flamant.rose.dico.8p.150.h.jpg','http://www.oiseaux.net/oiseaux/flamant.rose.html',1),
	(31,'De quel groupe fait partie cette espèce ?',2,'http://www.oiseaux.net/photos/didier.collin/images/bergeronnette.grise.dico.3p.150.h.jpg','http://www.oiseaux.net/oiseaux/bergeronnette.grise.html',1),
	(32,'De quel groupe fait partie cette espèce ?',2,'http://www.oiseaux.net/photos/aurelien.audevard/images/pic.noir.auau.1p.150.h.jpg','http://www.oiseaux.net/oiseaux/pic.noir.html',1),
	(33,'De quel groupe fait partie cette espèce ?',2,'http://www.oiseaux.net/photos/didier.collin/images/sittelle.torchepot.dico.3p.150.h.jpg','http://www.oiseaux.net/oiseaux/sittelle.torchepot.html',1),
	(34,'De quel groupe fait partie cette espèce ?',2,'http://www.oiseaux.net/photos/didier.collin/images/grande.aigrette.dico.2p.150.h.jpg','http://www.oiseaux.net/oiseaux/grande.aigrette.html',1),
	(35,'De quel groupe fait partie cette espèce ?',2,'http://www.oiseaux.net/photos/didier.collin/images/bouvreuil.pivoine.dico.1p.150.h.jpg','http://www.oiseaux.net/oiseaux/bouvreuil.pivoine.html',1),
	(36,'De quel groupe fait partie cette espèce ?',2,'http://www.oiseaux.net/photos/aurelien.audevard/images/pinson.des.arbres.auau.6p.150.h.jpg','http://www.oiseaux.net/oiseaux/pinson.des.arbres.html',1),
	(37,'De quel groupe fait partie cette espèce ?',2,'http://www.oiseaux.net/photos/didier.collin/images/geai.des.chenes.dico.5p.150.h.jpg','http://www.oiseaux.net/oiseaux/geai.des.chenes.html',1),
	(38,'De quel groupe fait partie cette espèce ?',2,'http://www.oiseaux.net/photos/didier.collin/images/choucas.des.tours.dico.4p.150.h.jpg','http://www.oiseaux.net/oiseaux/choucas.des.tours.html',1),
	(39,'De quel groupe fait partie cette espèce ?',2,'http://www.oiseaux.net/photos/didier.collin/images/pic.vert.dico.1p.150.h.jpg','http://www.oiseaux.net/oiseaux/pic.vert.html',1),
	(40,'De quel groupe fait partie cette espèce ?',2,'http://www.oiseaux.net/photos/didier.collin/images/foulque.macroule.dico.2p.150.h.jpg','http://www.oiseaux.net/oiseaux/foulque.macroule.html',1),
	(41,'De quel groupe fait partie cette espèce ?',2,'http://www.oiseaux.net/photos/didier.collin/images/goeland.argente.dico.2p.150.h.jpg','http://www.oiseaux.net/oiseaux/goeland.argente.html',1),
	(42,'De quelle famille fait partie cette espèce ?',2,'http://www.oiseaux.net/photos/didier.collin/images/martin-pecheur.d.europe.dico.1p.150.h.jpg','http://www.oiseaux.net/oiseaux/martin-pecheur.d.europe.html',1),
	(43,'De quelle famille fait partie cette espèce ?',2,'http://www.oiseaux.net/photos/aurelien.audevard/images/pinson.des.arbres.auau.6p.150.h.jpg','http://www.oiseaux.net/oiseaux/pinson.des.arbres.html',1),
	(44,'De quelle famille fait partie cette espèce ?',2,'http://www.oiseaux.net/photos/didier.collin/images/tadorne.de.belon.dico.8p.150.h.jpg','http://www.oiseaux.net/oiseaux/tadorne.de.belon.html',1),
	(45,'De quelle famille fait partie cette espèce ?',2,'http://www.oiseaux.net/photos/aurelien.audevard/images/bruant.proyer.auau.8p.150.h.jpg','http://www.oiseaux.net/oiseaux/bruant.proyer.html',1),
	(46,'De quelle famille fait partie cette espèce ?',2,'http://www.oiseaux.net/photos/didier.collin/images/vanneau.huppe.dico.9p.150.h.jpg','http://www.oiseaux.net/oiseaux/vanneau.huppe.html',1),
	(47,'De quelle famille fait partie cette espèce ?',2,'http://www.oiseaux.net/photos/didier.collin/images/echasse.blanche.dico.8p.150.h.jpg','http://www.oiseaux.net/oiseaux/echasse.blanche.html',1),
	(48,'De quelle famille fait partie cette espèce ?',2,'http://www.oiseaux.net/photos/didier.collin/images/grive.musicienne.dico.1p.150.h.jpg','http://www.oiseaux.net/oiseaux/grive.musicienne.html',1),
	(49,'De quelle famille fait partie cette espèce ?',2,'http://www.oiseaux.net/photos/didier.collin/images/buse.variable.dico.1p.150.h.jpg','http://www.oiseaux.net/oiseaux/buse.variable.html',1),
	(50,'De quelle famille fait partie cette espèce ?',2,'http://www.oiseaux.net/photos/didier.collin/images/avocette.elegante.dico.5p.150.h.jpg','http://www.oiseaux.net/oiseaux/avocette.elegante.html',1),
	(51,'De quelle famille fait partie cette espèce ?',2,'http://www.oiseaux.net/photos/didier.collin/images/pigeon.ramier.dico.1p.150.h.jpg','http://www.oiseaux.net/oiseaux/pigeon.ramier.html',1),
	(52,'De quelle famille fait partie cette espèce ?',2,'http://www.oiseaux.net/photos/didier.collin/images/accenteur.mouchet.dico.5p.150.h.jpg','http://www.oiseaux.net/oiseaux/accenteur.mouchet.html',1),
	(53,'De quelle famille fait partie cette espèce ?',2,'http://www.oiseaux.net/photos/didier.collin/images/mesange.bleue.dico.9p.150.h.jpg','http://www.oiseaux.net/oiseaux/mesange.bleue.html',1),
	(54,'De quelle famille fait partie cette espèce ?',2,'http://www.oiseaux.net/photos/didier.collin/images/cygne.tubercule.dico.3p.150.h.jpg','http://www.oiseaux.net/oiseaux/cygne.tubercule.html',1),
	(55,'De quelle famille fait partie cette espèce ?',2,'http://www.oiseaux.net/photos/didier.collin/images/canard.souchet.dico.4p.150.h.jpg','http://www.oiseaux.net/oiseaux/canard.souchet.html',1),
	(56,'De quelle famille fait partie cette espèce ?',2,'http://www.oiseaux.net/photos/aurelien.audevard/images/pouillot.veloce.auau.4p.150.h.jpg','http://www.oiseaux.net/oiseaux/pouillot.veloce.html',1),
	(57,'De quelle famille fait partie cette espèce ?',2,'http://www.oiseaux.net/photos/didier.collin/images/verdier.d.europe.dico.3p.150.h.jpg','http://www.oiseaux.net/oiseaux/verdier.d.europe.html',1),
	(58,'De quelle famille fait partie cette espèce ?',2,'http://www.oiseaux.net/photos/didier.collin/images/fuligule.milouin.dico.1p.150.h.jpg','http://www.oiseaux.net/oiseaux/fuligule.milouin.html',1),
	(59,'De quelle famille fait partie cette espèce ?',2,'http://www.oiseaux.net/photos/didier.collin/images/mouette.rieuse.dico.7p.150.h.jpg','http://www.oiseaux.net/oiseaux/mouette.rieuse.html',1),
	(60,'De quelle famille fait partie cette espèce ?',2,'http://www.oiseaux.net/photos/didier.collin/images/gallinule.poule-d.eau.dico.5p.150.h.jpg','http://www.oiseaux.net/oiseaux/gallinule.poule-d.eau.html',1),
	(61,'De quelle famille fait partie cette espèce ?',2,'http://www.oiseaux.net/photos/didier.collin/images/canard.colvert.dico.1p.150.h.jpg','http://www.oiseaux.net/oiseaux/canard.colvert.html',1),
	(62,'De quelle famille fait partie cette espèce ?',2,'http://www.oiseaux.net/photos/didier.collin/images/goeland.argente.dico.2p.150.h.jpg','http://www.oiseaux.net/oiseaux/goeland.argente.html',1),
	(63,'De quelle famille fait partie cette espèce ?',2,'http://www.oiseaux.net/photos/didier.collin/images/troglodyte.mignon.dico.3p.150.h.jpg','http://www.oiseaux.net/oiseaux/troglodyte.mignon.html',1),
	(64,'De quelle famille fait partie cette espèce ?',2,'http://www.oiseaux.net/photos/didier.collin/images/pic.epeiche.dico.2p.150.h.jpg','http://www.oiseaux.net/oiseaux/pic.epeiche.html',1),
	(65,'De quelle famille fait partie cette espèce ?',2,'http://www.oiseaux.net/photos/didier.collin/images/pic.vert.dico.1p.150.h.jpg','http://www.oiseaux.net/oiseaux/pic.vert.html',1),
	(66,'De quelle famille fait partie cette espèce ?',2,'http://www.oiseaux.net/photos/didier.collin/images/choucas.des.tours.dico.4p.150.h.jpg','http://www.oiseaux.net/oiseaux/choucas.des.tours.html',1),
	(67,'De quelle famille fait partie cette espèce ?',2,'http://www.oiseaux.net/photos/didier.collin/images/milan.noir.dico.1p.150.h.jpg','http://www.oiseaux.net/oiseaux/milan.noir.html',1),
	(68,'De quelle famille fait partie cette espèce ?',2,'http://www.oiseaux.net/photos/didier.collin/images/cigogne.blanche.dico.1p.150.h.jpg','http://www.oiseaux.net/oiseaux/cigogne.blanche.html',1),
	(69,'De quelle famille fait partie cette espèce ?',2,'http://www.oiseaux.net/photos/aurelien.audevard/images/chardonneret.elegant.auau.4p.150.h.jpg','http://www.oiseaux.net/oiseaux/chardonneret.elegant.html',1),
	(70,'De quelle famille fait partie cette espèce ?',2,'http://www.oiseaux.net/photos/didier.collin/images/etourneau.sansonnet.dico.1p.150.h.jpg','http://www.oiseaux.net/oiseaux/etourneau.sansonnet.html',1),
	(71,'De quelle famille fait partie cette espèce ?',2,'http://www.oiseaux.net/photos/didier.collin/images/foulque.macroule.dico.2p.150.h.jpg','http://www.oiseaux.net/oiseaux/foulque.macroule.html',1),
	(72,'De quelle famille fait partie cette espèce ?',2,'http://www.oiseaux.net/photos/didier.collin/images/grive.litorne.dico.3p.150.h.jpg','http://www.oiseaux.net/oiseaux/grive.litorne.html',1),
	(73,'De quelle famille fait partie cette espèce ?',2,'http://www.oiseaux.net/photos/didier.collin/images/canard.chipeau.dico.1p.150.h.jpg','http://www.oiseaux.net/oiseaux/canard.chipeau.html',1),
	(74,'De quelle famille fait partie cette espèce ?',2,'http://www.oiseaux.net/photos/didier.collin/images/bergeronnette.grise.dico.3p.150.h.jpg','http://www.oiseaux.net/oiseaux/bergeronnette.grise.html',1),
	(75,'De quelle famille fait partie cette espèce ?',2,'http://www.oiseaux.net/photos/didier.collin/images/linotte.melodieuse.dico.1p.150.h.jpg','http://www.oiseaux.net/oiseaux/linotte.melodieuse.html',1),
	(76,'De quelle famille fait partie cette espèce ?',2,'http://www.oiseaux.net/photos/didier.collin/images/bouvreuil.pivoine.dico.1p.150.h.jpg','http://www.oiseaux.net/oiseaux/bouvreuil.pivoine.html',1),
	(77,'De quelle famille fait partie cette espèce ?',2,'http://www.oiseaux.net/photos/didier.collin/images/grande.aigrette.dico.2p.150.h.jpg','http://www.oiseaux.net/oiseaux/grande.aigrette.html',1),
	(78,'De quelle famille fait partie cette espèce ?',2,'http://www.oiseaux.net/photos/didier.collin/images/flamant.rose.dico.8p.150.h.jpg','http://www.oiseaux.net/oiseaux/flamant.rose.html',1),
	(79,'De quelle famille fait partie cette espèce ?',2,'http://www.oiseaux.net/photos/didier.collin/images/sittelle.torchepot.dico.4p.150.h.jpg','http://www.oiseaux.net/oiseaux/sittelle.torchepot.html',1),
	(80,'De quelle famille fait partie cette espèce ?',2,'http://www.oiseaux.net/photos/didier.collin/images/geai.des.chenes.dico.1p.150.h.jpg','http://www.oiseaux.net/oiseaux/geai.des.chenes.html',1),
	(81,'De quelle famille fait partie cette espèce ?',2,'http://www.oiseaux.net/photos/didier.collin/images/corneille.noire.dico.2p.150.h.jpg','http://www.oiseaux.net/oiseaux/corneille.noire.html',1),
	(82,'De quelle famille fait partie cette espèce ?',2,'http://www.oiseaux.net/photos/didier.collin/images/merle.noir.dico.3p.150.h.jpg','http://www.oiseaux.net/oiseaux/merle.noir.html',1),
	(83,'Quelle est cette espèce ?',2,'http://www.oiseaux.net/photos/didier.collin/images/grive.litorne.dico.3p.150.h.jpg','http://www.oiseaux.net/oiseaux/grive.litorne.html',1),
	(84,'Quelle est cette espèce ?',2,'http://www.oiseaux.net/photos/didier.collin/images/troglodyte.mignon.dico.3p.150.h.jpg','http://www.oiseaux.net/oiseaux/troglodyte.mignon.html',1),
	(85,'Quelle est cette espèce ?',2,'http://www.oiseaux.net/photos/didier.collin/images/echasse.blanche.dico.8p.150.h.jpg','http://www.oiseaux.net/oiseaux/echasse.blanche.html',1),
	(86,'Quelle est cette espèce ?',2,'http://www.oiseaux.net/photos/didier.collin/images/pic.vert.dico.1p.150.h.jpg','http://www.oiseaux.net/oiseaux/pic.vert.html',1),
	(87,'Quelle est cette espèce ?',2,'http://www.oiseaux.net/photos/aurelien.audevard/images/aigrette.garzette.auau.2p.150.h.jpg','http://www.oiseaux.net/oiseaux/aigrette.garzette.html',1),
	(88,'Quelle est cette espèce ?',2,'http://www.oiseaux.net/photos/didier.collin/images/cygne.tubercule.dico.3p.150.h.jpg','http://www.oiseaux.net/oiseaux/cygne.tubercule.html',1),
	(89,'Quelle est cette espèce ?',2,'http://www.oiseaux.net/photos/didier.collin/images/vanneau.huppe.dico.9p.150.h.jpg','http://www.oiseaux.net/oiseaux/vanneau.huppe.html',1),
	(90,'Quelle est cette espèce ?',2,'http://www.oiseaux.net/photos/didier.collin/images/grande.aigrette.dico.2p.150.h.jpg','http://www.oiseaux.net/oiseaux/grande.aigrette.html',1),
	(91,'Quelle est cette espèce ?',2,'http://www.oiseaux.net/photos/didier.collin/images/buse.variable.dico.1p.150.h.jpg','http://www.oiseaux.net/oiseaux/buse.variable.html',1),
	(92,'Quelle est cette espèce ?',2,'http://www.oiseaux.net/photos/didier.collin/images/tourterelle.turque.dico.1p.150.h.jpg','http://www.oiseaux.net/oiseaux/tourterelle.turque.html',1),
	(93,'Quelle est cette espèce ?',2,'http://www.oiseaux.net/photos/didier.collin/images/goeland.argente.dico.2p.150.h.jpg','http://www.oiseaux.net/oiseaux/goeland.argente.html',1),
	(94,'Quelle est cette espèce ?',2,'http://www.oiseaux.net/photos/didier.collin/images/canard.souchet.dico.4p.150.h.jpg','http://www.oiseaux.net/oiseaux/canard.souchet.html',1),
	(95,'Quelle est cette espèce ?',2,'http://www.oiseaux.net/photos/aurelien.audevard/images/chardonneret.elegant.auau.4p.150.h.jpg','http://www.oiseaux.net/oiseaux/chardonneret.elegant.html',1),
	(96,'Quelle est cette espèce ?',2,'http://www.oiseaux.net/photos/didier.collin/images/verdier.d.europe.dico.3p.150.h.jpg','http://www.oiseaux.net/oiseaux/verdier.d.europe.html',1),
	(97,'Quelle est cette espèce ?',2,'http://www.oiseaux.net/photos/didier.collin/images/accenteur.mouchet.dico.5p.150.h.jpg','http://www.oiseaux.net/oiseaux/accenteur.mouchet.html',1),
	(98,'Quelle est cette espèce ?',2,'http://www.oiseaux.net/photos/aurelien.audevard/images/bruant.proyer.auau.8p.150.h.jpg','http://www.oiseaux.net/oiseaux/bruant.proyer.html',1),
	(99,'Quelle est cette espèce ?',2,'http://www.oiseaux.net/photos/didier.collin/images/courlis.cendre.dico.5p.150.h.jpg','http://www.oiseaux.net/oiseaux/courlis.cendre.html',1),
	(100,'Quelle est cette espèce ?',2,'http://www.oiseaux.net/photos/didier.collin/images/cigogne.blanche.dico.1p.150.h.jpg','http://www.oiseaux.net/oiseaux/cigogne.blanche.html',1),
	(101,'Quelle est cette espèce ?',2,'http://www.oiseaux.net/photos/didier.collin/images/fuligule.milouin.dico.1p.150.h.jpg','http://www.oiseaux.net/oiseaux/fuligule.milouin.html',1),
	(102,'Quelle est cette espèce ?',2,'http://www.oiseaux.net/photos/didier.collin/images/canard.chipeau.dico.1p.150.h.jpg','http://www.oiseaux.net/oiseaux/canard.chipeau.html',1),
	(103,'Quelle est cette espèce ?',2,'http://www.oiseaux.net/photos/didier.collin/images/milan.noir.dico.1p.150.h.jpg','http://www.oiseaux.net/oiseaux/milan.noir.html',1),
	(104,'Quelle est cette espèce ?',2,'http://www.oiseaux.net/photos/didier.collin/images/foulque.macroule.dico.2p.150.h.jpg','http://www.oiseaux.net/oiseaux/foulque.macroule.html',1),
	(105,'Quelle est cette espèce ?',2,'http://www.oiseaux.net/photos/didier.collin/images/choucas.des.tours.dico.4p.150.h.jpg','http://www.oiseaux.net/oiseaux/choucas.des.tours.html',1),
	(106,'Quelle est cette espèce ?',2,'http://www.oiseaux.net/photos/aurelien.audevard/images/pinson.des.arbres.auau.6p.150.h.jpg','http://www.oiseaux.net/oiseaux/pinson.des.arbres.html',1),
	(107,'Quelle est cette espèce ?',2,'http://www.oiseaux.net/photos/didier.collin/images/sittelle.torchepot.dico.4p.150.h.jpg','http://www.oiseaux.net/oiseaux/sittelle.torchepot.html',1),
	(108,'Quelle est cette espèce ?',2,'http://www.oiseaux.net/photos/didier.collin/images/martin-pecheur.d.europe.dico.1p.150.h.jpg','http://www.oiseaux.net/oiseaux/martin-pecheur.d.europe.html',1),
	(109,'Quelle est cette espèce ?',2,'http://www.oiseaux.net/photos/didier.collin/images/merle.noir.dico.3p.150.h.jpg','http://www.oiseaux.net/oiseaux/merle.noir.html',1),
	(110,'Quelle est cette espèce ?',2,'http://www.oiseaux.net/photos/didier.collin/images/grive.musicienne.dico.1p.150.h.jpg','http://www.oiseaux.net/oiseaux/grive.musicienne.html',1),
	(111,'Quelle est cette espèce ?',2,'http://www.oiseaux.net/photos/didier.collin/images/mesange.a.longue.queue.dico.6p.150.h.jpg','http://www.oiseaux.net/oiseaux/mesange.a.longue.queue.html',1),
	(112,'Quelle est cette espèce ?',2,'http://www.oiseaux.net/photos/didier.collin/images/canard.colvert.dico.1p.150.h.jpg','http://www.oiseaux.net/oiseaux/canard.colvert.html',1),
	(113,'Quelle est cette espèce ?',2,'http://www.oiseaux.net/photos/aurelien.audevard/images/rougequeue.noir.auau.6p.150.h.jpg','http://www.oiseaux.net/oiseaux/rougequeue.noir.html',1),
	(114,'Quelle est cette espèce ?',2,'http://www.oiseaux.net/photos/aurelien.audevard/images/pouillot.veloce.auau.4p.150.h.jpg','http://www.oiseaux.net/oiseaux/pouillot.veloce.html',1),
	(115,'Quelle est cette espèce ?',2,'http://www.oiseaux.net/photos/didier.collin/images/corneille.noire.dico.2p.150.h.jpg','http://www.oiseaux.net/oiseaux/corneille.noire.html',1),
	(116,'Quelle est cette espèce ?',2,'http://www.oiseaux.net/photos/didier.collin/images/etourneau.sansonnet.dico.1p.150.h.jpg','http://www.oiseaux.net/oiseaux/etourneau.sansonnet.html',1),
	(117,'Quelle est cette espèce ?',2,'http://www.oiseaux.net/photos/aurelien.audevard/images/pic.noir.auau.1p.150.h.jpg','http://www.oiseaux.net/oiseaux/pic.noir.html',1),
	(118,'Quelle est cette espèce ?',2,'http://www.oiseaux.net/photos/didier.collin/images/mesange.bleue.dico.9p.150.h.jpg','http://www.oiseaux.net/oiseaux/mesange.bleue.html',1),
	(119,'Quelle est cette espèce ?',2,'http://www.oiseaux.net/photos/didier.collin/images/avocette.elegante.dico.5p.150.h.jpg','http://www.oiseaux.net/oiseaux/avocette.elegante.html',1),
	(120,'Quelle est cette espèce ?',2,'http://www.oiseaux.net/photos/didier.collin/images/bergeronnette.grise.dico.3p.150.h.jpg','http://www.oiseaux.net/oiseaux/bergeronnette.grise.html',1),
	(121,'Quelle est cette espèce ?',2,'http://www.oiseaux.net/photos/didier.collin/images/mouette.rieuse.dico.7p.150.h.jpg','http://www.oiseaux.net/oiseaux/mouette.rieuse.html',1),
	(122,'Quelle est cette espèce ?',2,'http://www.oiseaux.net/photos/didier.collin/images/gallinule.poule-d.eau.dico.5p.150.h.jpg','http://www.oiseaux.net/oiseaux/gallinule.poule-d.eau.html',1),
	(123,'Quelle est cette espèce ?',2,'http://www.oiseaux.net/photos/didier.collin/images/geai.des.chenes.dico.1p.150.h.jpg','http://www.oiseaux.net/oiseaux/geai.des.chenes.html',1),
	(124,'Quel oiseau fait partie du groupe : Les passereaux',1,'','',2),
	(125,'Quel oiseau fait partie du groupe : Les rapaces diurnes',1,'','',2),
	(126,'Quel oiseau fait partie du groupe : Les passereaux',1,'','',2),
	(127,'Quel oiseau fait partie du groupe : Les passereaux',1,'','',2),
	(128,'Quel oiseau fait partie du groupe : Les grimpeurs',1,'','',2),
	(129,'Quel oiseau fait partie du groupe : Les palmipèdes',1,'','',2),
	(130,'Quel oiseau fait partie du groupe : Les grimpeurs',1,'','',2),
	(131,'Quel oiseau fait partie du groupe : Les passereaux',1,'','',2),
	(132,'Quel oiseau fait partie du groupe : Les passereaux',1,'','',2),
	(133,'Quel oiseau fait partie du groupe : Les palmipèdes',1,'','',2),
	(134,'Quel oiseau fait partie du groupe : Les palmipèdes',1,'','',2),
	(135,'Quel oiseau fait partie du groupe : Les rapaces diurnes',1,'','',2),
	(136,'Quel oiseau fait partie du groupe : Les palmipèdes',1,'','',2),
	(137,'Quel oiseau fait partie du groupe : Les palmipèdes',1,'','',2),
	(138,'Quel oiseau fait partie du groupe : Les passereaux',1,'','',2),
	(139,'Quel oiseau fait partie du groupe : Les oiseaux aquatiques',1,'','',2),
	(140,'Quel oiseau fait partie du groupe : Les passereaux',1,'','',2),
	(141,'Quel oiseau fait partie du groupe : Les oiseaux aquatiques',1,'','',2),
	(142,'Quel oiseau fait partie du groupe : Les passereaux',1,'','',2),
	(143,'Quel oiseau fait partie du groupe : Les échassiers et pélicans',1,'','',2),
	(144,'Quel oiseau fait partie du groupe : Les passereaux',1,'','',2),
	(145,'Quel oiseau fait partie du groupe : Les palmipèdes',1,'','',2),
	(146,'Quel oiseau fait partie du groupe : Les oiseaux aquatiques',1,'','',2),
	(147,'Quel oiseau fait partie du groupe : Les passereaux',1,'','',2),
	(148,'Quel oiseau fait partie du groupe : Les passereaux',1,'','',2),
	(149,'Quel oiseau fait partie du groupe : Les passereaux',1,'','',2),
	(150,'Quel oiseau fait partie du groupe : Les grimpeurs',1,'','',2),
	(151,'Quel oiseau fait partie du groupe : Les oiseaux aquatiques',1,'','',2),
	(152,'Quel oiseau fait partie du groupe : Les passereaux',1,'','',2),
	(153,'Quel oiseau fait partie du groupe : Les grands échassiers',1,'','',2),
	(154,'Quel oiseau fait partie du groupe : Les passereaux',1,'','',2),
	(155,'Quel oiseau fait partie du groupe : Les passereaux',1,'','',2),
	(156,'Quel oiseau fait partie du groupe : Les passereaux',1,'','',2),
	(157,'Quel oiseau fait partie du groupe : Les pigeons, tourterelles, colombes, etc.',1,'','',2),
	(158,'Quel oiseau fait partie du groupe : Les passereaux',1,'','',2),
	(159,'Quel oiseau fait partie du groupe : Les échassiers et pélicans',1,'','',2),
	(160,'Quel oiseau fait partie du groupe : Les passereaux',1,'','',2),
	(161,'Quel oiseau fait partie du groupe : Les grues, râles, etc.',1,'','',2),
	(162,'Quel oiseau fait partie du groupe : Les passereaux',1,'','',2),
	(163,'Quel oiseau fait partie du groupe : Les flamants',1,'','',2),
	(164,'Quel oiseau fait partie du groupe : Les martins, rolliers, guêpiers, etc.',1,'','',2),
	(165,'Quel oiseau fait partie de la famille : Foulques, râles, marouettes et alliés',1,'','',2),
	(166,'Quel oiseau fait partie de la famille : Flamants',1,'','',2),
	(167,'Quel oiseau fait partie de la famille : Bruants, tohis et alliés',1,'','',2),
	(168,'Quel oiseau fait partie de la famille : Pouillots',1,'','',2),
	(169,'Quel oiseau fait partie de la famille : Vautours, aigles, buses et alliés',1,'','',2),
	(170,'Quel oiseau fait partie de la famille : Pigeons, tourterelles et alliés',1,'','',2),
	(171,'Quel oiseau fait partie de la famille : Gobemouches, rougequeues, traquets et alliés',1,'','',2),
	(172,'Quel oiseau fait partie de la famille : Goélands, mouettes, sternes et alliés',1,'','',2),
	(173,'Quel oiseau fait partie de la famille : Hérons, aigrettes et alliés',1,'','',2),
	(174,'Quel oiseau fait partie de la famille : Hérons, aigrettes et alliés',1,'','',2),
	(175,'Quel oiseau fait partie de la famille : Pics, picumnes et torcols',1,'','',2),
	(176,'Quel oiseau fait partie de la famille : Corbeaux, pies, geais et alliés',1,'','',2),
	(177,'Quel oiseau fait partie de la famille : Pinsons, roselins, serins et alliés',1,'','',2),
	(178,'Quel oiseau fait partie de la famille : Mésange à longue queue et alliés',1,'','',2),
	(179,'Quel oiseau fait partie de la famille : Corbeaux, pies, geais et alliés',1,'','',2),
	(180,'Quel oiseau fait partie de la famille : Accenteurs',1,'','',2),
	(181,'Quel oiseau fait partie de la famille : Vanneaux, pluviers et gravelots',1,'','',2),
	(182,'Quel oiseau fait partie de la famille : Canards, oies, cygnes...',1,'','',2),
	(183,'Quel oiseau fait partie de la famille : Mésanges',1,'','',2),
	(184,'Quel oiseau fait partie de la famille : Pinsons, roselins, serins et alliés',1,'','',2),
	(185,'Quel oiseau fait partie de la famille : Merles, grives et alliés',1,'','',2),
	(186,'Quel oiseau fait partie de la famille : Canards, oies, cygnes...',1,'','',2),
	(187,'Quel oiseau fait partie de la famille : Corbeaux, pies, geais et alliés',1,'','',2),
	(188,'Quel oiseau fait partie de la famille : Canards, oies, cygnes...',1,'','',2),
	(189,'Quel oiseau fait partie de la famille : Martins-pêcheurs/chasseurs',1,'','',2),
	(190,'Quel oiseau fait partie de la famille : Canards, oies, cygnes...',1,'','',2),
	(191,'Quel oiseau fait partie de la famille : Vautours, aigles, buses et alliés',1,'','',2),
	(192,'Quel oiseau fait partie de la famille : Chevaliers, bécasseaux et alliés',1,'','',2),
	(193,'Quel oiseau fait partie de la famille : Pigeons, tourterelles et alliés',1,'','',2),
	(194,'Quel oiseau fait partie de la famille : Pipits, bergeronnettes et alliés',1,'','',2),
	(195,'Quel oiseau fait partie de la famille : ??tourneaux, stournes, choucadors et alliés',1,'','',2),
	(196,'Quel oiseau fait partie de la famille : Pics, picumnes et torcols',1,'','',2),
	(197,'Quel oiseau fait partie de la famille : Merles, grives et alliés',1,'','',2),
	(198,'Quel oiseau fait partie de la famille : Avocettes et échasses ',1,'','',2),
	(199,'Quel oiseau fait partie de la famille : Canards, oies, cygnes...',1,'','',2),
	(200,'Quel oiseau fait partie de la famille : Troglodytes',1,'','',2),
	(201,'Quel oiseau fait partie de la famille : Avocettes et échasses ',1,'','',2),
	(202,'Quel oiseau fait partie de la famille : Pinsons, roselins, serins et alliés',1,'','',2),
	(203,'Quel oiseau fait partie de la famille : Cigognes et alliés',1,'','',2),
	(204,'Quel oiseau fait partie de la famille : Pinsons, roselins, serins et alliés',1,'','',2),
	(205,'Quel oiseau fait partie de la famille : Foulques, râles, marouettes et alliés',1,'','',2),
	(206,'Quel oiseau correspond à l\'espèce : Gallinule poule-d\'eau',1,'','',2),
	(207,'Quel oiseau correspond à l\'espèce : Cygne tuberculé',1,'','',2),
	(208,'Quel oiseau correspond à l\'espèce : Courlis cendré',1,'','',2),
	(209,'Quel oiseau correspond à l\'espèce : Choucas des tours',1,'','',2),
	(210,'Quel oiseau correspond à l\'espèce : Rougequeue noir',1,'','',2),
	(211,'Quel oiseau correspond à l\'espèce : Grive musicienne',1,'','',2),
	(212,'Quel oiseau correspond à l\'espèce : Buse variable',1,'','',2),
	(213,'Quel oiseau correspond à l\'espèce : Chardonneret élégant',1,'','',2),
	(214,'Quel oiseau correspond à l\'espèce : Bruant proyer',1,'','',2),
	(215,'Quel oiseau correspond à l\'espèce : Pinson des arbres',1,'','',2),
	(216,'Quel oiseau correspond à l\'espèce : Linotte mélodieuse',1,'','',2),
	(217,'Quel oiseau correspond à l\'espèce : Verdier d\'Europe',1,'','',2),
	(218,'Quel oiseau correspond à l\'espèce : Avocette élégante',1,'','',2),
	(219,'Quel oiseau correspond à l\'espèce : Vanneau huppé',1,'','',2),
	(220,'Quel oiseau correspond à l\'espèce : Foulque macroule',1,'','',2),
	(221,'Quel oiseau correspond à l\'espèce : Bouvreuil pivoine',1,'','',2),
	(222,'Quel oiseau correspond à l\'espèce : Pic épeiche',1,'','',2),
	(223,'Quel oiseau correspond à l\'espèce : Canard colvert',1,'','',2),
	(224,'Quel oiseau correspond à l\'espèce : Martin-pêcheur d\'Europe',1,'','',2),
	(225,'Quel oiseau correspond à l\'espèce : Merle noir',1,'','',2),
	(226,'Quel oiseau correspond à l\'espèce : Pigeon ramier',1,'','',2),
	(227,'Quel oiseau correspond à l\'espèce : Mésange bleue',1,'','',2),
	(228,'Quel oiseau correspond à l\'espèce : Mésange à longue queue',1,'','',2),
	(229,'Quel oiseau correspond à l\'espèce : Aigrette garzette',1,'','',2),
	(230,'Quel oiseau correspond à l\'espèce : Milan noir',1,'','',2),
	(231,'Quel oiseau correspond à l\'espèce : Goéland argenté',1,'','',2),
	(232,'Quel oiseau correspond à l\'espèce : Bergeronnette grise',1,'','',2),
	(233,'Quel oiseau correspond à l\'espèce : Pic noir',1,'','',2),
	(234,'Quel oiseau correspond à l\'espèce : Geai des chênes',1,'','',2),
	(235,'Quel oiseau correspond à l\'espèce : ??chasse blanche',1,'','',2),
	(236,'Quel oiseau correspond à l\'espèce : Grande Aigrette',1,'','',2),
	(237,'Quel oiseau correspond à l\'espèce : Grive litorne',1,'','',2),
	(238,'Quel oiseau correspond à l\'espèce : Tourterelle turque',1,'','',2),
	(239,'Quel oiseau correspond à l\'espèce : Tadorne de Belon',1,'','',2),
	(240,'Quel oiseau correspond à l\'espèce : Corneille noire',1,'','',2),
	(241,'Quel oiseau correspond à l\'espèce : Cigogne blanche',1,'','',2),
	(242,'Quel oiseau correspond à l\'espèce : Sittelle torchepot',1,'','',2),
	(243,'Quel oiseau correspond à l\'espèce : Troglodyte mignon',1,'','',2),
	(244,'Quel oiseau correspond à l\'espèce : Fuligule milouin',1,'','',2),
	(245,'Quel oiseau correspond à l\'espèce : Accenteur mouchet',1,'','',2),
	(246,'Quel oiseau correspond à l\'espèce : Canard chipeau',1,'','',2),
	(247,'De quel groupe fait partie cette espèce ?',2,'http://www.oiseaux.net/photos/didier.collin/images/bernache.cravant.dico.3p.150.h.jpg','http://www.oiseaux.net/oiseaux/bernache.cravant.html',2),
	(248,'De quel groupe fait partie cette espèce ?',2,'http://www.oiseaux.net/photos/aurelien.audevard/images/grive.obscure.auau.3p.150.h.jpg','http://www.oiseaux.net/oiseaux/grive.obscure.html',2),
	(249,'De quel groupe fait partie cette espèce ?',2,'http://www.oiseaux.net/photos/didier.collin/images/guillemot.de.troil.dico.6p.150.h.jpg','http://www.oiseaux.net/oiseaux/guillemot.de.troil.html',2),
	(250,'De quel groupe fait partie cette espèce ?',2,'http://www.oiseaux.net/photos/didier.collin/images/mesange.noire.dico.11p.150.h.jpg','http://www.oiseaux.net/oiseaux/mesange.noire.html',2),
	(251,'De quel groupe fait partie cette espèce ?',2,'http://www.oiseaux.net/photos/didier.collin/images/faucon.crecerelle.dico.6p.150.h.jpg','http://www.oiseaux.net/oiseaux/faucon.crecerelle.html',2),
	(252,'De quel groupe fait partie cette espèce ?',2,'http://www.oiseaux.net/photos/didier.collin/images/faucon.sacre.dico.2p.150.h.jpg','http://www.oiseaux.net/oiseaux/faucon.sacre.html',2),
	(253,'De quel groupe fait partie cette espèce ?',2,'http://www.oiseaux.net/photos/didier.collin/images/pingouin.torda.dico.6p.150.h.jpg','http://www.oiseaux.net/oiseaux/pingouin.torda.html',2),
	(254,'De quel groupe fait partie cette espèce ?',2,'http://www.oiseaux.net/photos/didier.collin/images/mouette.rieuse.dico.7p.150.h.jpg','http://www.oiseaux.net/oiseaux/mouette.rieuse.html',2),
	(255,'De quel groupe fait partie cette espèce ?',2,'http://www.oiseaux.net/photos/aurelien.audevard/images/becasseau.d.alaska.auau.8p.150.h.jpg','http://www.oiseaux.net/oiseaux/becasseau.d.alaska.html',2),
	(256,'De quel groupe fait partie cette espèce ?',2,'http://www.oiseaux.net/photos/didier.collin/images/roitelet.huppe.dico.3p.150.h.jpg','http://www.oiseaux.net/oiseaux/roitelet.huppe.html',2),
	(257,'De quel groupe fait partie cette espèce ?',2,'http://www.oiseaux.net/photos/didier.collin/images/chevalier.gambette.dico.3p.150.h.jpg','http://www.oiseaux.net/oiseaux/chevalier.gambette.html',2),
	(258,'De quel groupe fait partie cette espèce ?',2,'http://www.oiseaux.net/photos/didier.collin/images/fuligule.morillon.dico.7p.150.h.jpg','http://www.oiseaux.net/oiseaux/fuligule.morillon.html',2),
	(259,'De quel groupe fait partie cette espèce ?',2,'http://www.oiseaux.net/photos/aurelien.audevard/images/pinson.du.nord.auau.10p.150.h.jpg','http://www.oiseaux.net/oiseaux/pinson.du.nord.html',2),
	(260,'De quel groupe fait partie cette espèce ?',2,'http://www.oiseaux.net/photos/didier.collin/images/geai.des.chenes.dico.5p.150.h.jpg','http://www.oiseaux.net/oiseaux/geai.des.chenes.html',2),
	(261,'De quel groupe fait partie cette espèce ?',2,'http://www.oiseaux.net/photos/didier.collin/images/garrot.a.oeil.d.or.dico.6p.150.h.jpg','http://www.oiseaux.net/oiseaux/garrot.a.oeil.d.or.html',2),
	(262,'De quel groupe fait partie cette espèce ?',2,'http://www.oiseaux.net/photos/didier.collin/images/bergeronnette.grise.dico.7p.150.h.jpg','http://www.oiseaux.net/oiseaux/bergeronnette.grise.html',2),
	(263,'De quel groupe fait partie cette espèce ?',2,'http://www.oiseaux.net/photos/didier.collin/images/hirondelle.de.rochers.dico.1p.150.h.jpg','http://www.oiseaux.net/oiseaux/hirondelle.de.rochers.html',2),
	(264,'De quel groupe fait partie cette espèce ?',2,'http://www.oiseaux.net/photos/didier.collin/images/heron.garde-boeufs.dico.11p.150.h.jpg','http://www.oiseaux.net/oiseaux/heron.garde-boeufs.html',2),
	(265,'De quel groupe fait partie cette espèce ?',2,'http://www.oiseaux.net/photos/didier.collin/images/ibis.falcinelle.dico.7p.150.h.jpg','http://www.oiseaux.net/oiseaux/ibis.falcinelle.html',2),
	(266,'De quel groupe fait partie cette espèce ?',2,'http://www.oiseaux.net/photos/didier.collin/images/pipit.rousseline.dico.3p.150.h.jpg','http://www.oiseaux.net/oiseaux/pipit.rousseline.html',2),
	(267,'De quel groupe fait partie cette espèce ?',2,'http://www.oiseaux.net/photos/didier.collin/images/grande.aigrette.dico.10p.150.h.jpg','http://www.oiseaux.net/oiseaux/grande.aigrette.html',2),
	(268,'De quel groupe fait partie cette espèce ?',2,'http://www.oiseaux.net/photos/didier.collin/images/sterne.naine.dico.6p.150.h.jpg','http://www.oiseaux.net/oiseaux/sterne.naine.html',2),
	(269,'De quel groupe fait partie cette espèce ?',2,'http://www.oiseaux.net/photos/didier.collin/images/tadorne.casarca.dico.4p.150.h.jpg','http://www.oiseaux.net/oiseaux/tadorne.casarca.html',2),
	(270,'De quel groupe fait partie cette espèce ?',2,'http://www.oiseaux.net/photos/didier.collin/images/glareole.a.collier.dico.3p.150.h.jpg','http://www.oiseaux.net/oiseaux/glareole.a.collier.html',2),
	(271,'De quel groupe fait partie cette espèce ?',2,'http://www.oiseaux.net/photos/didier.collin/images/foulque.macroule.dico.1p.150.h.jpg','http://www.oiseaux.net/oiseaux/foulque.macroule.html',2),
	(272,'De quel groupe fait partie cette espèce ?',2,'http://www.oiseaux.net/photos/didier.collin/images/chevalier.aboyeur.dico.10p.150.h.jpg','http://www.oiseaux.net/oiseaux/chevalier.aboyeur.html',2),
	(273,'De quel groupe fait partie cette espèce ?',2,'http://www.oiseaux.net/photos/didier.collin/images/grive.a.dos.olive.dico.1p.150.h.jpg','http://www.oiseaux.net/oiseaux/grive.a.dos.olive.html',2),
	(274,'De quel groupe fait partie cette espèce ?',2,'http://www.oiseaux.net/photos/aurelien.audevard/images/pie-grieche.brune.auau.2p.150.h.jpg','http://www.oiseaux.net/oiseaux/pie-grieche.brune.html',2),
	(275,'De quel groupe fait partie cette espèce ?',2,'http://www.oiseaux.net/photos/aurelien.audevard/images/mouette.blanche.auau.2p.150.h.jpg','http://www.oiseaux.net/oiseaux/mouette.blanche.html',2),
	(276,'De quel groupe fait partie cette espèce ?',2,'http://www.oiseaux.net/photos/didier.collin/images/gobemouche.a.collier.dico.2p.150.h.jpg','http://www.oiseaux.net/oiseaux/gobemouche.a.collier.html',2),
	(277,'De quel groupe fait partie cette espèce ?',2,'http://www.oiseaux.net/photos/didier.collin/images/fauvette.de.ruppell.dico.3p.150.h.jpg','http://www.oiseaux.net/oiseaux/fauvette.de.ruppell.html',2),
	(278,'De quel groupe fait partie cette espèce ?',2,'http://www.oiseaux.net/photos/aurelien.audevard/images/pipit.des.arbres.auau.6p.150.h.jpg','http://www.oiseaux.net/oiseaux/pipit.des.arbres.html',2),
	(279,'De quel groupe fait partie cette espèce ?',2,'http://www.oiseaux.net/photos/aurelien.audevard/images/nette.rousse.auau.6p.150.h.jpg','http://www.oiseaux.net/oiseaux/nette.rousse.html',2),
	(280,'De quel groupe fait partie cette espèce ?',2,'http://www.oiseaux.net/photos/aurelien.audevard/images/sterne.caspienne.auau.9p.150.h.jpg','http://www.oiseaux.net/oiseaux/sterne.caspienne.html',2),
	(281,'De quel groupe fait partie cette espèce ?',2,'http://www.oiseaux.net/photos/aurelien.audevard/images/accenteur.alpin.auau.2p.150.h.jpg','http://www.oiseaux.net/oiseaux/accenteur.alpin.html',2),
	(282,'De quel groupe fait partie cette espèce ?',2,'http://www.oiseaux.net/photos/aurelien.audevard/images/pie-grieche.ecorcheur.auau.5p.150.h.jpg','http://www.oiseaux.net/oiseaux/pie-grieche.ecorcheur.html',2),
	(283,'De quel groupe fait partie cette espèce ?',2,'http://www.oiseaux.net/photos/didier.collin/images/canard.chipeau.dico.1p.150.h.jpg','http://www.oiseaux.net/oiseaux/canard.chipeau.html',2),
	(284,'De quel groupe fait partie cette espèce ?',2,'http://www.oiseaux.net/photos/aurelien.audevard/images/chevechette.d.europe.auau.1p.150.h.jpg','http://www.oiseaux.net/oiseaux/chevechette.d.europe.html',2),
	(285,'De quel groupe fait partie cette espèce ?',2,'http://www.oiseaux.net/photos/didier.collin/images/rougequeue.a.front.blanc.dico.1p.150.h.jpg','http://www.oiseaux.net/oiseaux/rougequeue.a.front.blanc.html',2),
	(286,'De quel groupe fait partie cette espèce ?',2,'http://www.oiseaux.net/photos/didier.collin/images/plongeon.imbrin.dico.1p.150.h.jpg','http://www.oiseaux.net/oiseaux/plongeon.imbrin.html',2),
	(287,'De quel groupe fait partie cette espèce ?',2,'http://www.oiseaux.net/photos/aurelien.audevard/images/pipit.de.richard.auau.3p.150.h.jpg','http://www.oiseaux.net/oiseaux/pipit.de.richard.html',2),
	(288,'De quelle famille fait partie cette espèce ?',2,'http://www.oiseaux.net/photos/didier.collin/images/huppe.fasciee.dico.3p.150.h.jpg','http://www.oiseaux.net/oiseaux/huppe.fasciee.html',3),
	(289,'De quelle famille fait partie cette espèce ?',2,'http://www.oiseaux.net/photos/didier.collin/images/bruant.zizi.dico.4p.150.h.jpg','http://www.oiseaux.net/oiseaux/bruant.zizi.html',3),
	(290,'De quelle famille fait partie cette espèce ?',2,'http://www.oiseaux.net/photos/didier.collin/images/tadorne.de.belon.dico.8p.150.h.jpg','http://www.oiseaux.net/oiseaux/tadorne.de.belon.html',3),
	(291,'De quelle famille fait partie cette espèce ?',2,'http://www.oiseaux.net/photos/didier.collin/images/glareole.a.collier.dico.3p.150.h.jpg','http://www.oiseaux.net/oiseaux/glareole.a.collier.html',3),
	(292,'De quelle famille fait partie cette espèce ?',2,'http://www.oiseaux.net/photos/didier.collin/images/roitelet.triple-bandeau.dico.1p.150.h.jpg','http://www.oiseaux.net/oiseaux/roitelet.triple-bandeau.html',3),
	(293,'De quelle famille fait partie cette espèce ?',2,'http://www.oiseaux.net/photos/didier.collin/images/mouette.rieuse.dico.7p.150.h.jpg','http://www.oiseaux.net/oiseaux/mouette.rieuse.html',3),
	(294,'De quelle famille fait partie cette espèce ?',2,'http://www.oiseaux.net/photos/didier.collin/images/becasseau.variable.dico.8p.150.h.jpg','http://www.oiseaux.net/oiseaux/becasseau.variable.html',3),
	(295,'De quelle famille fait partie cette espèce ?',2,'http://www.oiseaux.net/photos/aurelien.audevard/images/blongios.nain.auau.1p.150.h.jpg','http://www.oiseaux.net/oiseaux/blongios.nain.html',3),
	(296,'De quelle famille fait partie cette espèce ?',2,'http://www.oiseaux.net/photos/didier.collin/images/grimpereau.des.jardins.dico.12p.150.h.jpg','http://www.oiseaux.net/oiseaux/grimpereau.des.jardins.html',3),
	(297,'De quelle famille fait partie cette espèce ?',2,'http://www.oiseaux.net/photos/didier.collin/images/goeland.brun.dico.4p.150.h.jpg','http://www.oiseaux.net/oiseaux/goeland.brun.html',3),
	(298,'De quelle famille fait partie cette espèce ?',2,'http://www.oiseaux.net/photos/aurelien.audevard/images/gravelot.de.leschenault.auau.3p.150.h.jpg','http://www.oiseaux.net/oiseaux/gravelot.de.leschenault.html',3),
	(299,'De quelle famille fait partie cette espèce ?',2,'http://www.oiseaux.net/photos/aurelien.audevard/images/pinson.des.arbres.auau.6p.150.h.jpg','http://www.oiseaux.net/oiseaux/pinson.des.arbres.html',3),
	(300,'De quelle famille fait partie cette espèce ?',2,'http://www.oiseaux.net/photos/didier.collin/images/loriot.d.europe.dico.1p.150.h.jpg','http://www.oiseaux.net/oiseaux/loriot.d.europe.html',3),
	(301,'De quelle famille fait partie cette espèce ?',2,'http://www.oiseaux.net/photos/didier.collin/images/foulque.macroule.dico.1p.150.h.jpg','http://www.oiseaux.net/oiseaux/foulque.macroule.html',3),
	(302,'De quelle famille fait partie cette espèce ?',2,'http://www.oiseaux.net/photos/didier.collin/images/faucon.crecerellette.dico.8p.150.h.jpg','http://www.oiseaux.net/oiseaux/faucon.crecerellette.html',3),
	(303,'De quelle famille fait partie cette espèce ?',2,'http://www.oiseaux.net/photos/aurelien.audevard/images/bergeronnette.printaniere.auau.33p.150.h.jpg','http://www.oiseaux.net/oiseaux/bergeronnette.printaniere.html',3),
	(304,'De quelle famille fait partie cette espèce ?',2,'http://www.oiseaux.net/photos/aurelien.audevard/images/pipit.a.dos.olive.auau.9p.150.h.jpg','http://www.oiseaux.net/oiseaux/pipit.a.dos.olive.html',3),
	(305,'De quelle famille fait partie cette espèce ?',2,'http://www.oiseaux.net/photos/didier.collin/images/sterne.de.dougall.dico.2p.150.h.jpg','http://www.oiseaux.net/oiseaux/sterne.de.dougall.html',3),
	(306,'De quelle famille fait partie cette espèce ?',2,'http://www.oiseaux.net/photos/didier.collin/images/echasse.blanche.dico.8p.150.h.jpg','http://www.oiseaux.net/oiseaux/echasse.blanche.html',3),
	(307,'De quelle famille fait partie cette espèce ?',2,'http://www.oiseaux.net/photos/didier.collin/images/pelican.blanc.dico.3p.150.h.jpg','http://www.oiseaux.net/oiseaux/pelican.blanc.html',3),
	(308,'De quelle famille fait partie cette espèce ?',2,'http://www.oiseaux.net/photos/didier.collin/images/pluvier.argente.dico.1p.150.h.jpg','http://www.oiseaux.net/oiseaux/pluvier.argente.html',3),
	(309,'De quelle famille fait partie cette espèce ?',2,'http://www.oiseaux.net/photos/didier.collin/images/goeland.railleur.dico.2p.150.h.jpg','http://www.oiseaux.net/oiseaux/goeland.railleur.html',3),
	(310,'De quelle famille fait partie cette espèce ?',2,'http://www.oiseaux.net/photos/didier.collin/images/perdrix.grise.dico.1p.150.h.jpg','http://www.oiseaux.net/oiseaux/perdrix.grise.html',3),
	(311,'De quelle famille fait partie cette espèce ?',2,'http://www.oiseaux.net/photos/aurelien.audevard/images/chevechette.d.europe.auau.1p.150.h.jpg','http://www.oiseaux.net/oiseaux/chevechette.d.europe.html',3),
	(312,'De quelle famille fait partie cette espèce ?',2,'http://www.oiseaux.net/photos/didier.collin/images/perruche.a.collier.dico.5p.150.h.jpg','http://www.oiseaux.net/oiseaux/perruche.a.collier.html',3),
	(313,'De quelle famille fait partie cette espèce ?',2,'http://www.oiseaux.net/photos/aurelien.audevard/images/cochevis.huppe.auau.7p.150.h.jpg','http://www.oiseaux.net/oiseaux/cochevis.huppe.html',3),
	(314,'De quelle famille fait partie cette espèce ?',2,'http://www.oiseaux.net/photos/didier.collin/images/macareux.moine.dico.7p.150.h.jpg','http://www.oiseaux.net/oiseaux/macareux.moine.html',3),
	(315,'De quelle famille fait partie cette espèce ?',2,'http://www.oiseaux.net/photos/didier.collin/images/cygne.tubercule.dico.4p.150.h.jpg','http://www.oiseaux.net/oiseaux/cygne.tubercule.html',3),
	(316,'De quelle famille fait partie cette espèce ?',2,'http://www.oiseaux.net/photos/didier.collin/images/ibis.falcinelle.dico.7p.150.h.jpg','http://www.oiseaux.net/oiseaux/ibis.falcinelle.html',3),
	(317,'De quelle famille fait partie cette espèce ?',2,'http://www.oiseaux.net/photos/didier.collin/images/cigogne.blanche.dico.4p.150.h.jpg','http://www.oiseaux.net/oiseaux/cigogne.blanche.html',3),
	(318,'De quelle famille fait partie cette espèce ?',2,'http://www.oiseaux.net/photos/didier.collin/images/bruant.cendrillard.dico.3p.150.h.jpg','http://www.oiseaux.net/oiseaux/bruant.cendrillard.html',3),
	(319,'De quelle famille fait partie cette espèce ?',2,'http://www.oiseaux.net/photos/aurelien.audevard/images/cormoran.a.aigrettes.auau.5p.150.h.jpg','http://www.oiseaux.net/oiseaux/cormoran.a.aigrettes.html',3),
	(320,'De quelle famille fait partie cette espèce ?',2,'http://www.oiseaux.net/photos/didier.collin/images/conure.veuve.dico.1p.150.h.jpg','http://www.oiseaux.net/oiseaux/conure.veuve.html',3),
	(321,'De quelle famille fait partie cette espèce ?',2,'http://www.oiseaux.net/photos/didier.collin/images/bruant.des.neiges.dico.2p.150.h.jpg','http://www.oiseaux.net/oiseaux/bruant.des.neiges.html',3),
	(322,'De quelle famille fait partie cette espèce ?',2,'http://www.oiseaux.net/photos/didier.collin/images/harelde.boreale.dico.5p.150.h.jpg','http://www.oiseaux.net/oiseaux/harelde.boreale.html',3),
	(323,'De quelle famille fait partie cette espèce ?',2,'http://www.oiseaux.net/photos/didier.collin/images/tarier.patre.dico.6p.150.h.jpg','http://www.oiseaux.net/oiseaux/tarier.patre.html',3),
	(324,'De quelle famille fait partie cette espèce ?',2,'http://www.oiseaux.net/photos/aurelien.audevard/images/marouette.ponctuee.auau.11p.150.h.jpg','http://www.oiseaux.net/oiseaux/marouette.ponctuee.html',3),
	(325,'De quelle famille fait partie cette espèce ?',2,'http://www.oiseaux.net/photos/didier.collin/images/hypolais.polyglotte.dico.1p.150.h.jpg','http://www.oiseaux.net/oiseaux/hypolais.polyglotte.html',3),
	(326,'De quelle famille fait partie cette espèce ?',2,'http://www.oiseaux.net/photos/aurelien.audevard/images/hibou.des.marais.auau.1p.150.h.jpg','http://www.oiseaux.net/oiseaux/hibou.des.marais.html',3),
	(327,'De quelle famille fait partie cette espèce ?',2,'http://www.oiseaux.net/photos/didier.collin/images/pipit.rousseline.dico.3p.150.h.jpg','http://www.oiseaux.net/oiseaux/pipit.rousseline.html',3),
	(328,'De quelle famille fait partie cette espèce ?',2,'http://www.oiseaux.net/photos/didier.collin/images/epervier.d.europe.dico.1p.150.h.jpg','http://www.oiseaux.net/oiseaux/epervier.d.europe.html',3),
	(329,'Quelle est cette espèce ?',2,'http://www.oiseaux.net/photos/aurelien.audevard/images/pouillot.boreal.auau.3p.150.h.jpg','http://www.oiseaux.net/oiseaux/pouillot.boreal.html',3),
	(330,'Quelle est cette espèce ?',2,'http://www.oiseaux.net/photos/didier.collin/images/balbuzard.pecheur.dico.7p.150.h.jpg','http://www.oiseaux.net/oiseaux/balbuzard.pecheur.html',3),
	(331,'Quelle est cette espèce ?',2,'http://www.oiseaux.net/photos/didier.collin/images/bruant.cendrillard.dico.3p.150.h.jpg','http://www.oiseaux.net/oiseaux/bruant.cendrillard.html',3),
	(332,'Quelle est cette espèce ?',2,'http://www.oiseaux.net/photos/didier.collin/images/goeland.railleur.dico.2p.150.h.jpg','http://www.oiseaux.net/oiseaux/goeland.railleur.html',3),
	(333,'Quelle est cette espèce ?',2,'http://www.oiseaux.net/photos/didier.collin/images/etourneau.sansonnet.dico.1p.150.h.jpg','http://www.oiseaux.net/oiseaux/etourneau.sansonnet.html',3),
	(334,'Quelle est cette espèce ?',2,'http://www.oiseaux.net/photos/aurelien.audevard/images/garrot.albeole.auau.1p.150.h.jpg','http://www.oiseaux.net/oiseaux/garrot.albeole.html',3),
	(335,'Quelle est cette espèce ?',2,'http://www.oiseaux.net/photos/didier.collin/images/grive.mauvis.dico.9p.150.h.jpg','http://www.oiseaux.net/oiseaux/grive.mauvis.html',3),
	(336,'Quelle est cette espèce ?',2,'http://www.oiseaux.net/photos/didier.collin/images/cigogne.blanche.dico.4p.150.h.jpg','http://www.oiseaux.net/oiseaux/cigogne.blanche.html',3),
	(337,'Quelle est cette espèce ?',2,'http://www.oiseaux.net/photos/didier.collin/images/roselin.githagine.dico.4p.150.h.jpg','http://www.oiseaux.net/oiseaux/roselin.githagine.html',3),
	(338,'Quelle est cette espèce ?',2,'http://www.oiseaux.net/photos/didier.collin/images/coucou.gris.dico.2p.150.h.jpg','http://www.oiseaux.net/oiseaux/coucou.gris.html',3),
	(339,'Quelle est cette espèce ?',2,'http://www.oiseaux.net/photos/didier.collin/images/barge.a.queue.noire.dico.6p.150.h.jpg','http://www.oiseaux.net/oiseaux/barge.a.queue.noire.html',3),
	(340,'Quelle est cette espèce ?',2,'http://www.oiseaux.net/photos/didier.collin/images/loriot.d.europe.dico.1p.150.h.jpg','http://www.oiseaux.net/oiseaux/loriot.d.europe.html',3),
	(341,'Quelle est cette espèce ?',2,'http://www.oiseaux.net/photos/aurelien.audevard/images/cygne.chanteur.auau.6p.150.h.jpg','http://www.oiseaux.net/oiseaux/cygne.chanteur.html',3),
	(342,'Quelle est cette espèce ?',2,'http://www.oiseaux.net/photos/didier.collin/images/courlis.corlieu.dico.4p.150.h.jpg','http://www.oiseaux.net/oiseaux/courlis.corlieu.html',3),
	(343,'Quelle est cette espèce ?',2,'http://www.oiseaux.net/photos/didier.collin/images/traquet.motteux.dico.5p.150.h.jpg','http://www.oiseaux.net/oiseaux/traquet.motteux.html',3),
	(344,'Quelle est cette espèce ?',2,'http://www.oiseaux.net/photos/didier.collin/images/hypolais.polyglotte.dico.1p.150.h.jpg','http://www.oiseaux.net/oiseaux/hypolais.polyglotte.html',3),
	(345,'Quelle est cette espèce ?',2,'http://www.oiseaux.net/photos/didier.collin/images/hirondelle.rustique.dico.22p.150.h.jpg','http://www.oiseaux.net/oiseaux/hirondelle.rustique.html',3),
	(346,'Quelle est cette espèce ?',2,'http://www.oiseaux.net/photos/didier.collin/images/tournepierre.a.collier.dico.8p.150.h.jpg','http://www.oiseaux.net/oiseaux/tournepierre.a.collier.html',3),
	(347,'Quelle est cette espèce ?',2,'http://www.oiseaux.net/photos/aurelien.audevard/images/pinson.du.nord.auau.10p.150.h.jpg','http://www.oiseaux.net/oiseaux/pinson.du.nord.html',3),
	(348,'Quelle est cette espèce ?',2,'http://www.oiseaux.net/photos/didier.collin/images/grebe.esclavon.dico.7p.150.h.jpg','http://www.oiseaux.net/oiseaux/grebe.esclavon.html',3),
	(349,'Quelle est cette espèce ?',2,'http://www.oiseaux.net/photos/didier.collin/images/geai.des.chenes.dico.5p.150.h.jpg','http://www.oiseaux.net/oiseaux/geai.des.chenes.html',3),
	(350,'Quelle est cette espèce ?',2,'http://www.oiseaux.net/photos/didier.collin/images/garrot.a.oeil.d.or.dico.6p.150.h.jpg','http://www.oiseaux.net/oiseaux/garrot.a.oeil.d.or.html',3),
	(351,'Quelle est cette espèce ?',2,'http://www.oiseaux.net/photos/aurelien.audevard/images/guepier.d.europe.auau.6p.150.h.jpg','http://www.oiseaux.net/oiseaux/guepier.d.europe.html',3),
	(352,'Quelle est cette espèce ?',2,'http://www.oiseaux.net/photos/didier.collin/images/rousserolle.turdoide.dico.1p.150.h.jpg','http://www.oiseaux.net/oiseaux/rousserolle.turdoide.html',3),
	(353,'Quelle est cette espèce ?',2,'http://www.oiseaux.net/photos/didier.collin/images/grosbec.casse-noyaux.dico.5p.150.h.jpg','http://www.oiseaux.net/oiseaux/grosbec.casse-noyaux.html',3),
	(354,'Quelle est cette espèce ?',2,'http://www.oiseaux.net/photos/aurelien.audevard/images/aigle.criard.auau.7p.150.h.jpg','http://www.oiseaux.net/oiseaux/aigle.criard.html',3),
	(355,'Quelle est cette espèce ?',2,'http://www.oiseaux.net/photos/didier.collin/images/sterne.naine.dico.6p.150.h.jpg','http://www.oiseaux.net/oiseaux/sterne.naine.html',3),
	(356,'Quelle est cette espèce ?',2,'http://www.oiseaux.net/photos/didier.collin/images/serin.cini.dico.1p.150.h.jpg','http://www.oiseaux.net/oiseaux/serin.cini.html',3),
	(357,'Quelle est cette espèce ?',2,'http://www.oiseaux.net/photos/didier.collin/images/mesange.boreale.dico.10p.150.h.jpg','http://www.oiseaux.net/oiseaux/mesange.boreale.html',3),
	(358,'Quelle est cette espèce ?',2,'http://www.oiseaux.net/photos/didier.collin/images/heron.cendre.dico.5p.150.h.jpg','http://www.oiseaux.net/oiseaux/heron.cendre.html',3),
	(359,'Quelle est cette espèce ?',2,'http://www.oiseaux.net/photos/didier.collin/images/rousserolle.effarvatte.dico.12p.150.h.jpg','http://www.oiseaux.net/oiseaux/rousserolle.effarvatte.html',3),
	(360,'Quelle est cette espèce ?',2,'http://www.oiseaux.net/photos/aurelien.audevard/images/pipit.a.gorge.rousse.auau.7p.150.h.jpg','http://www.oiseaux.net/oiseaux/pipit.a.gorge.rousse.html',3),
	(361,'Quelle est cette espèce ?',2,'http://www.oiseaux.net/photos/didier.collin/images/eider.a.duvet.dico.4p.150.h.jpg','http://www.oiseaux.net/oiseaux/eider.a.duvet.html',3),
	(362,'Quelle est cette espèce ?',2,'http://www.oiseaux.net/photos/aurelien.audevard/images/pouillot.de.pallas.auau.2p.150.h.jpg','http://www.oiseaux.net/oiseaux/pouillot.de.pallas.html',3),
	(363,'Quelle est cette espèce ?',2,'http://www.oiseaux.net/photos/didier.collin/images/combattant.varie.dico.8p.150.h.jpg','http://www.oiseaux.net/oiseaux/combattant.varie.html',3),
	(364,'Quelle est cette espèce ?',2,'http://www.oiseaux.net/photos/didier.collin/images/pic.vert.dico.3p.150.h.jpg','http://www.oiseaux.net/oiseaux/pic.vert.html',3),
	(365,'Quelle est cette espèce ?',2,'http://www.oiseaux.net/photos/aurelien.audevard/images/macreuse.a.bec.jaune.auau.4p.150.h.jpg','http://www.oiseaux.net/oiseaux/macreuse.a.bec.jaune.html',3),
	(366,'Quelle est cette espèce ?',2,'http://www.oiseaux.net/photos/didier.collin/images/roitelet.triple-bandeau.dico.1p.150.h.jpg','http://www.oiseaux.net/oiseaux/roitelet.triple-bandeau.html',3),
	(367,'Quelle est cette espèce ?',2,'http://www.oiseaux.net/photos/aurelien.audevard/images/rossignol.philomele.auau.1p.150.h.jpg','http://www.oiseaux.net/oiseaux/rossignol.philomele.html',3),
	(368,'Quelle est cette espèce ?',2,'http://www.oiseaux.net/photos/didier.collin/images/merle.noir.dico.3p.150.h.jpg','http://www.oiseaux.net/oiseaux/merle.noir.html',3),
	(369,'Quelle est cette espèce ?',2,'http://www.oiseaux.net/photos/aurelien.audevard/images/marouette.ponctuee.auau.11p.150.h.jpg','http://www.oiseaux.net/oiseaux/marouette.ponctuee.html',3);

/*!40000 ALTER TABLE `questions` ENABLE KEYS */;
UNLOCK TABLES;


# Dump of table reponses
# ------------------------------------------------------------

DROP TABLE IF EXISTS `reponses`;

CREATE TABLE `reponses` (
  `id` int(11) NOT NULL AUTO_INCREMENT,
  `label` varchar(300) DEFAULT NULL,
  `valide` tinyint(1) DEFAULT NULL,
  `type` tinyint(25) DEFAULT NULL,
  `url` varchar(150) DEFAULT NULL,
  `id_questions` int(11) NOT NULL,
  PRIMARY KEY (`id`),
  KEY `FK_reponses_id_questions` (`id_questions`),
  CONSTRAINT `FK_reponses_id_questions` FOREIGN KEY (`id_questions`) REFERENCES `questions` (`id`)
) ENGINE=InnoDB DEFAULT CHARSET=latin1;

LOCK TABLES `reponses` WRITE;
/*!40000 ALTER TABLE `reponses` DISABLE KEYS */;

INSERT INTO `reponses` (`id`, `label`, `valide`, `type`, `url`, `id_questions`)
VALUES
	(1,'Coraciiformes : Les martins, rolliers, guêpiers, etc.',1,1,'',1),
	(2,'Pélécaniformes : Les échassiers et pélicans',0,1,'',1),
	(3,'Piciformes : Les grimpeurs',0,1,'',1),
	(4,'Ciconiiformes : Les grands échassiers',0,1,'',1),
	(5,'Passériformes : Les passereaux',1,1,'',2),
	(6,'Coraciiformes : Les martins, rolliers, guêpiers, etc.',0,1,'',2),
	(7,'Ansériformes : Les palmipèdes',0,1,'',2),
	(8,'Pélécaniformes : Les échassiers et pélicans',0,1,'',2),
	(9,'Passériformes : Les passereaux',1,1,'',3),
	(10,'Accipitriformes : Les rapaces diurnes',0,1,'',3),
	(11,'Ciconiiformes : Les grands échassiers',0,1,'',3),
	(12,'Gruiformes : Les grues, râles, etc.',0,1,'',3),
	(13,'Piciformes : Les grimpeurs',1,1,'',4),
	(14,'Ansériformes : Les palmipèdes',0,1,'',4),
	(15,'Gruiformes : Les grues, râles, etc.',0,1,'',4),
	(16,'Accipitriformes : Les rapaces diurnes',0,1,'',4),
	(17,'Ansériformes : Les palmipèdes',1,1,'',5),
	(18,'Phoenicoptériformes : Les flamants',0,1,'',5),
	(19,'Coraciiformes : Les martins, rolliers, guêpiers, etc.',0,1,'',5),
	(20,'Ciconiiformes : Les grands échassiers',0,1,'',5),
	(21,'Charadriiformes : Les oiseaux aquatiques',1,1,'',6),
	(22,'Ansériformes : Les palmipèdes',0,1,'',6),
	(23,'Pélécaniformes : Les échassiers et pélicans',0,1,'',6),
	(24,'Passériformes : Les passereaux',0,1,'',6),
	(25,'Passériformes : Les passereaux',1,1,'',7),
	(26,'Columbiformes : Les pigeons, tourterelles, colombes, etc.',0,1,'',7),
	(27,'Phoenicoptériformes : Les flamants',0,1,'',7),
	(28,'Ansériformes : Les palmipèdes',0,1,'',7),
	(29,'Pélécaniformes : Les échassiers et pélicans',1,1,'',8),
	(30,'Columbiformes : Les pigeons, tourterelles, colombes, etc.',0,1,'',8),
	(31,'Accipitriformes : Les rapaces diurnes',0,1,'',8),
	(32,'Passériformes : Les passereaux',0,1,'',8),
	(33,'Passériformes : Les passereaux',1,1,'',9),
	(34,'Accipitriformes : Les rapaces diurnes',0,1,'',9),
	(35,'Coraciiformes : Les martins, rolliers, guêpiers, etc.',0,1,'',9),
	(36,'Phoenicoptériformes : Les flamants',0,1,'',9),
	(37,'Ansériformes : Les palmipèdes',1,1,'',10),
	(38,'Coraciiformes : Les martins, rolliers, guêpiers, etc.',0,1,'',10),
	(39,'Columbiformes : Les pigeons, tourterelles, colombes, etc.',0,1,'',10),
	(40,'Ciconiiformes : Les grands échassiers',0,1,'',10),
	(41,'Columbiformes : Les pigeons, tourterelles, colombes, etc.',1,1,'',11),
	(42,'Ciconiiformes : Les grands échassiers',0,1,'',11),
	(43,'Charadriiformes : Les oiseaux aquatiques',0,1,'',11),
	(44,'Ansériformes : Les palmipèdes',0,1,'',11),
	(45,'Gruiformes : Les grues, râles, etc.',1,1,'',12),
	(46,'Ciconiiformes : Les grands échassiers',0,1,'',12),
	(47,'Columbiformes : Les pigeons, tourterelles, colombes, etc.',0,1,'',12),
	(48,'Pélécaniformes : Les échassiers et pélicans',0,1,'',12),
	(49,'Passériformes : Les passereaux',1,1,'',13),
	(50,'Piciformes : Les grimpeurs',0,1,'',13),
	(51,'Ansériformes : Les palmipèdes',0,1,'',13),
	(52,'Columbiformes : Les pigeons, tourterelles, colombes, etc.',0,1,'',13),
	(53,'Passériformes : Les passereaux',1,1,'',14),
	(54,'Charadriiformes : Les oiseaux aquatiques',0,1,'',14),
	(55,'Phoenicoptériformes : Les flamants',0,1,'',14),
	(56,'Coraciiformes : Les martins, rolliers, guêpiers, etc.',0,1,'',14),
	(57,'Accipitriformes : Les rapaces diurnes',1,1,'',15),
	(58,'Piciformes : Les grimpeurs',0,1,'',15),
	(59,'Passériformes : Les passereaux',0,1,'',15),
	(60,'Ansériformes : Les palmipèdes',0,1,'',15),
	(61,'Ansériformes : Les palmipèdes',1,1,'',16),
	(62,'Passériformes : Les passereaux',0,1,'',16),
	(63,'Ciconiiformes : Les grands échassiers',0,1,'',16),
	(64,'Phoenicoptériformes : Les flamants',0,1,'',16),
	(65,'Passériformes : Les passereaux',1,1,'',17),
	(66,'Gruiformes : Les grues, râles, etc.',0,1,'',17),
	(67,'Ciconiiformes : Les grands échassiers',0,1,'',17),
	(68,'Ansériformes : Les palmipèdes',0,1,'',17),
	(69,'Passériformes : Les passereaux',1,1,'',18),
	(70,'Charadriiformes : Les oiseaux aquatiques',0,1,'',18),
	(71,'Phoenicoptériformes : Les flamants',0,1,'',18),
	(72,'Ciconiiformes : Les grands échassiers',0,1,'',18),
	(73,'Charadriiformes : Les oiseaux aquatiques',1,1,'',19),
	(74,'Pélécaniformes : Les échassiers et pélicans',0,1,'',19),
	(75,'Phoenicoptériformes : Les flamants',0,1,'',19),
	(76,'Piciformes : Les grimpeurs',0,1,'',19),
	(77,'Passériformes : Les passereaux',1,1,'',20),
	(78,'Accipitriformes : Les rapaces diurnes',0,1,'',20),
	(79,'Gruiformes : Les grues, râles, etc.',0,1,'',20),
	(80,'Phoenicoptériformes : Les flamants',0,1,'',20),
	(81,'Passériformes : Les passereaux',1,1,'',21),
	(82,'Gruiformes : Les grues, râles, etc.',0,1,'',21),
	(83,'Accipitriformes : Les rapaces diurnes',0,1,'',21),
	(84,'Pélécaniformes : Les échassiers et pélicans',0,1,'',21),
	(85,'Ansériformes : Les palmipèdes',1,1,'',22),
	(86,'Phoenicoptériformes : Les flamants',0,1,'',22),
	(87,'Gruiformes : Les grues, râles, etc.',0,1,'',22),
	(88,'Accipitriformes : Les rapaces diurnes',0,1,'',22),
	(89,'Passériformes : Les passereaux',1,1,'',23),
	(90,'Coraciiformes : Les martins, rolliers, guêpiers, etc.',0,1,'',23),
	(91,'Pélécaniformes : Les échassiers et pélicans',0,1,'',23),
	(92,'Gruiformes : Les grues, râles, etc.',0,1,'',23),
	(93,'Passériformes : Les passereaux',1,1,'',24),
	(94,'Accipitriformes : Les rapaces diurnes',0,1,'',24),
	(95,'Columbiformes : Les pigeons, tourterelles, colombes, etc.',0,1,'',24),
	(96,'Charadriiformes : Les oiseaux aquatiques',0,1,'',24),
	(97,'Charadriiformes : Les oiseaux aquatiques',1,1,'',25),
	(98,'Piciformes : Les grimpeurs',0,1,'',25),
	(99,'Ansériformes : Les palmipèdes',0,1,'',25),
	(100,'Columbiformes : Les pigeons, tourterelles, colombes, etc.',0,1,'',25),
	(101,'Columbiformes : Les pigeons, tourterelles, colombes, etc.',1,1,'',26),
	(102,'Ansériformes : Les palmipèdes',0,1,'',26),
	(103,'Phoenicoptériformes : Les flamants',0,1,'',26),
	(104,'Ciconiiformes : Les grands échassiers',0,1,'',26),
	(105,'Charadriiformes : Les oiseaux aquatiques',1,1,'',27),
	(106,'Gruiformes : Les grues, râles, etc.',0,1,'',27),
	(107,'Phoenicoptériformes : Les flamants',0,1,'',27),
	(108,'Columbiformes : Les pigeons, tourterelles, colombes, etc.',0,1,'',27),
	(109,'Ansériformes : Les palmipèdes',1,1,'',28),
	(110,'Piciformes : Les grimpeurs',0,1,'',28),
	(111,'Pélécaniformes : Les échassiers et pélicans',0,1,'',28),
	(112,'Passériformes : Les passereaux',0,1,'',28),
	(113,'Charadriiformes : Les oiseaux aquatiques',1,1,'',29),
	(114,'Ansériformes : Les palmipèdes',0,1,'',29),
	(115,'Ciconiiformes : Les grands échassiers',0,1,'',29),
	(116,'Pélécaniformes : Les échassiers et pélicans',0,1,'',29),
	(117,'Phoenicoptériformes : Les flamants',1,1,'',30),
	(118,'Columbiformes : Les pigeons, tourterelles, colombes, etc.',0,1,'',30),
	(119,'Coraciiformes : Les martins, rolliers, guêpiers, etc.',0,1,'',30),
	(120,'Ansériformes : Les palmipèdes',0,1,'',30),
	(121,'Passériformes : Les passereaux',1,1,'',31),
	(122,'Ciconiiformes : Les grands échassiers',0,1,'',31),
	(123,'Columbiformes : Les pigeons, tourterelles, colombes, etc.',0,1,'',31),
	(124,'Phoenicoptériformes : Les flamants',0,1,'',31),
	(125,'Piciformes : Les grimpeurs',1,1,'',32),
	(126,'Phoenicoptériformes : Les flamants',0,1,'',32),
	(127,'Pélécaniformes : Les échassiers et pélicans',0,1,'',32),
	(128,'Ciconiiformes : Les grands échassiers',0,1,'',32),
	(129,'Passériformes : Les passereaux',1,1,'',33),
	(130,'Gruiformes : Les grues, râles, etc.',0,1,'',33),
	(131,'Ansériformes : Les palmipèdes',0,1,'',33),
	(132,'Coraciiformes : Les martins, rolliers, guêpiers, etc.',0,1,'',33),
	(133,'Pélécaniformes : Les échassiers et pélicans',1,1,'',34),
	(134,'Gruiformes : Les grues, râles, etc.',0,1,'',34),
	(135,'Piciformes : Les grimpeurs',0,1,'',34),
	(136,'Ciconiiformes : Les grands échassiers',0,1,'',34),
	(137,'Passériformes : Les passereaux',1,1,'',35),
	(138,'Charadriiformes : Les oiseaux aquatiques',0,1,'',35),
	(139,'Accipitriformes : Les rapaces diurnes',0,1,'',35),
	(140,'Gruiformes : Les grues, râles, etc.',0,1,'',35),
	(141,'Passériformes : Les passereaux',1,1,'',36),
	(142,'Pélécaniformes : Les échassiers et pélicans',0,1,'',36),
	(143,'Accipitriformes : Les rapaces diurnes',0,1,'',36),
	(144,'Columbiformes : Les pigeons, tourterelles, colombes, etc.',0,1,'',36),
	(145,'Passériformes : Les passereaux',1,1,'',37),
	(146,'Charadriiformes : Les oiseaux aquatiques',0,1,'',37),
	(147,'Piciformes : Les grimpeurs',0,1,'',37),
	(148,'Accipitriformes : Les rapaces diurnes',0,1,'',37),
	(149,'Passériformes : Les passereaux',1,1,'',38),
	(150,'Pélécaniformes : Les échassiers et pélicans',0,1,'',38),
	(151,'Columbiformes : Les pigeons, tourterelles, colombes, etc.',0,1,'',38),
	(152,'Gruiformes : Les grues, râles, etc.',0,1,'',38),
	(153,'Piciformes : Les grimpeurs',1,1,'',39),
	(154,'Accipitriformes : Les rapaces diurnes',0,1,'',39),
	(155,'Gruiformes : Les grues, râles, etc.',0,1,'',39),
	(156,'Passériformes : Les passereaux',0,1,'',39),
	(157,'Gruiformes : Les grues, râles, etc.',1,1,'',40),
	(158,'Ciconiiformes : Les grands échassiers',0,1,'',40),
	(159,'Phoenicoptériformes : Les flamants',0,1,'',40),
	(160,'Coraciiformes : Les martins, rolliers, guêpiers, etc.',0,1,'',40),
	(161,'Charadriiformes : Les oiseaux aquatiques',1,1,'',41),
	(162,'Passériformes : Les passereaux',0,1,'',41),
	(163,'Phoenicoptériformes : Les flamants',0,1,'',41),
	(164,'Piciformes : Les grimpeurs',0,1,'',41),
	(165,'Alcédinidés : Martins-pêcheurs/chasseurs',1,1,'',42),
	(166,'Sittidés : ',0,1,'',42),
	(167,'Prunellidés : ',0,1,'',42),
	(168,'Motacillidés : ',0,1,'',42),
	(169,'Fringillidés : Pinsons, roselins, serins et alliés',1,1,'',43),
	(170,'Emberizidés : ',0,1,'',43),
	(171,'Columbidés : ',0,1,'',43),
	(172,'Anatidés : ',0,1,'',43),
	(173,'Anatidés : Canards, oies, cygnes...',1,1,'',44),
	(174,'Columbidés : ',0,1,'',44),
	(175,'Fringillidés : ',0,1,'',44),
	(176,'Emberizidés : ',0,1,'',44),
	(177,'Emberizidés : Bruants, tohis et alliés',1,1,'',45),
	(178,'Laridés : ',0,1,'',45),
	(179,'Sittidés : ',0,1,'',45),
	(180,'Phylloscopidés : ',0,1,'',45),
	(181,'Charadriidés : Vanneaux, pluviers et gravelots',1,1,'',46),
	(182,'Turdidés : ',0,1,'',46),
	(183,'Sturnidés : ',0,1,'',46),
	(184,'Troglodytidés : ',0,1,'',46),
	(185,'Récurvirostridés : Avocettes et échasses ',1,1,'',47),
	(186,'Sittidés : ',0,1,'',47),
	(187,'Rallidés : ',0,1,'',47),
	(188,'Charadriidés : ',0,1,'',47),
	(189,'Turdidés : Merles, grives et alliés',1,1,'',48),
	(190,'Anatidés : ',0,1,'',48),
	(191,'Paridés : ',0,1,'',48),
	(192,'Récurvirostridés : ',0,1,'',48),
	(193,'Accipitridés : Vautours, aigles, buses et alliés',1,1,'',49),
	(194,'Turdidés : ',0,1,'',49),
	(195,'Troglodytidés : ',0,1,'',49),
	(196,'Aegithalidés : ',0,1,'',49),
	(197,'Récurvirostridés : Avocettes et échasses ',1,1,'',50),
	(198,'Laridés : ',0,1,'',50),
	(199,'Fringillidés : ',0,1,'',50),
	(200,'Motacillidés : ',0,1,'',50),
	(201,'Columbidés : Pigeons, tourterelles et alliés',1,1,'',51),
	(202,'Scolopacidés : ',0,1,'',51),
	(203,'Phylloscopidés : ',0,1,'',51),
	(204,'Ciconiidés : ',0,1,'',51),
	(205,'Prunellidés : Accenteurs',1,1,'',52),
	(206,'Columbidés : ',0,1,'',52),
	(207,'Muscicapidés : ',0,1,'',52),
	(208,'Corvidés : ',0,1,'',52),
	(209,'Paridés : Mésanges',1,1,'',53),
	(210,'Scolopacidés : ',0,1,'',53),
	(211,'Corvidés : ',0,1,'',53),
	(212,'Laridés : ',0,1,'',53),
	(213,'Anatidés : Canards, oies, cygnes...',1,1,'',54),
	(214,'Aegithalidés : ',0,1,'',54),
	(215,'Muscicapidés : ',0,1,'',54),
	(216,'Alcédinidés : ',0,1,'',54),
	(217,'Anatidés : Canards, oies, cygnes...',1,1,'',55),
	(218,'Motacillidés : ',0,1,'',55),
	(219,'Rallidés : ',0,1,'',55),
	(220,'Scolopacidés : ',0,1,'',55),
	(221,'Phylloscopidés : Pouillots',1,1,'',56),
	(222,'Picidés : ',0,1,'',56),
	(223,'Alcédinidés : ',0,1,'',56),
	(224,'Charadriidés : ',0,1,'',56),
	(225,'Fringillidés : Pinsons, roselins, serins et alliés',1,1,'',57),
	(226,'Emberizidés : ',0,1,'',57),
	(227,'Ardéidés : ',0,1,'',57),
	(228,'Turdidés : ',0,1,'',57),
	(229,'Anatidés : Canards, oies, cygnes...',1,1,'',58),
	(230,'Charadriidés : ',0,1,'',58),
	(231,'Aegithalidés : ',0,1,'',58),
	(232,'Scolopacidés : ',0,1,'',58),
	(233,'Laridés : Goélands, mouettes, sternes et alliés',1,1,'',59),
	(234,'Accipitridés : ',0,1,'',59),
	(235,'Turdidés : ',0,1,'',59),
	(236,'Paridés : ',0,1,'',59),
	(237,'Rallidés : Foulques, râles, marouettes et alliés',1,1,'',60),
	(238,'Ardéidés : ',0,1,'',60),
	(239,'Alcédinidés : ',0,1,'',60),
	(240,'Phylloscopidés : ',0,1,'',60),
	(241,'Anatidés : Canards, oies, cygnes...',1,1,'',61),
	(242,'Ardéidés : ',0,1,'',61),
	(243,'Fringillidés : ',0,1,'',61),
	(244,'Paridés : ',0,1,'',61),
	(245,'Laridés : Goélands, mouettes, sternes et alliés',1,1,'',62),
	(246,'Motacillidés : ',0,1,'',62),
	(247,'Emberizidés : ',0,1,'',62),
	(248,'Sturnidés : ',0,1,'',62),
	(249,'Troglodytidés : Troglodytes',1,1,'',63),
	(250,'Rallidés : ',0,1,'',63),
	(251,'Ardéidés : ',0,1,'',63),
	(252,'Ciconiidés : ',0,1,'',63),
	(253,'Picidés : Pics, picumnes et torcols',1,1,'',64),
	(254,'Ardéidés : ',0,1,'',64),
	(255,'Sittidés : ',0,1,'',64),
	(256,'Turdidés : ',0,1,'',64),
	(257,'Picidés : Pics, picumnes et torcols',1,1,'',65),
	(258,'Motacillidés : ',0,1,'',65),
	(259,'Rallidés : ',0,1,'',65),
	(260,'Aegithalidés : ',0,1,'',65),
	(261,'Corvidés : Corbeaux, pies, geais et alliés',1,1,'',66),
	(262,'Turdidés : ',0,1,'',66),
	(263,'Scolopacidés : ',0,1,'',66),
	(264,'Sittidés : ',0,1,'',66),
	(265,'Accipitridés : Vautours, aigles, buses et alliés',1,1,'',67),
	(266,'Picidés : ',0,1,'',67),
	(267,'Charadriidés : ',0,1,'',67),
	(268,'Motacillidés : ',0,1,'',67),
	(269,'Ciconiidés : Cigognes et alliés',1,1,'',68),
	(270,'Motacillidés : ',0,1,'',68),
	(271,'Laridés : ',0,1,'',68),
	(272,'Sittidés : ',0,1,'',68),
	(273,'Fringillidés : Pinsons, roselins, serins et alliés',1,1,'',69),
	(274,'Turdidés : ',0,1,'',69),
	(275,'Rallidés : ',0,1,'',69),
	(276,'Motacillidés : ',0,1,'',69),
	(277,'Sturnidés : ??tourneaux, stournes, choucadors et alliés',1,1,'',70),
	(278,'Prunellidés : ',0,1,'',70),
	(279,'Phylloscopidés : ',0,1,'',70),
	(280,'Fringillidés : ',0,1,'',70),
	(281,'Rallidés : Foulques, râles, marouettes et alliés',1,1,'',71),
	(282,'Fringillidés : ',0,1,'',71),
	(283,'Scolopacidés : ',0,1,'',71),
	(284,'Charadriidés : ',0,1,'',71),
	(285,'Turdidés : Merles, grives et alliés',1,1,'',72),
	(286,'Sittidés : ',0,1,'',72),
	(287,'Récurvirostridés : ',0,1,'',72),
	(288,'Fringillidés : ',0,1,'',72),
	(289,'Anatidés : Canards, oies, cygnes...',1,1,'',73),
	(290,'Alcédinidés : ',0,1,'',73),
	(291,'Muscicapidés : ',0,1,'',73),
	(292,'Troglodytidés : ',0,1,'',73),
	(293,'Motacillidés : Pipits, bergeronnettes et alliés',1,1,'',74),
	(294,'Picidés : ',0,1,'',74),
	(295,'Emberizidés : ',0,1,'',74),
	(296,'Alcédinidés : ',0,1,'',74),
	(297,'Fringillidés : Pinsons, roselins, serins et alliés',1,1,'',75),
	(298,'Prunellidés : ',0,1,'',75),
	(299,'Laridés : ',0,1,'',75),
	(300,'Emberizidés : ',0,1,'',75),
	(301,'Fringillidés : Pinsons, roselins, serins et alliés',1,1,'',76),
	(302,'Picidés : ',0,1,'',76),
	(303,'Récurvirostridés : ',0,1,'',76),
	(304,'Rallidés : ',0,1,'',76),
	(305,'Ardéidés : Hérons, aigrettes et alliés',1,1,'',77),
	(306,'Prunellidés : ',0,1,'',77),
	(307,'Motacillidés : ',0,1,'',77),
	(308,'Muscicapidés : ',0,1,'',77),
	(309,'Phoenicoptéridés : Flamants',1,1,'',78),
	(310,'Troglodytidés : ',0,1,'',78),
	(311,'Aegithalidés : ',0,1,'',78),
	(312,'Sturnidés : ',0,1,'',78),
	(313,'Sittidés : Sittelles',1,1,'',79),
	(314,'Paridés : ',0,1,'',79),
	(315,'Laridés : ',0,1,'',79),
	(316,'Picidés : ',0,1,'',79),
	(317,'Corvidés : Corbeaux, pies, geais et alliés',1,1,'',80),
	(318,'Scolopacidés : ',0,1,'',80),
	(319,'Rallidés : ',0,1,'',80),
	(320,'Laridés : ',0,1,'',80),
	(321,'Corvidés : Corbeaux, pies, geais et alliés',1,1,'',81),
	(322,'Aegithalidés : ',0,1,'',81),
	(323,'Charadriidés : ',0,1,'',81),
	(324,'Sittidés : ',0,1,'',81),
	(325,'Turdidés : Merles, grives et alliés',1,1,'',82),
	(326,'Ardéidés : ',0,1,'',82),
	(327,'Prunellidés : ',0,1,'',82),
	(328,'Alcédinidés : ',0,1,'',82),
	(329,'Grive litorne',1,1,'',83),
	(330,'Chardonneret élégant',0,1,'',83),
	(331,'Grive musicienne',0,1,'',83),
	(332,'Goéland argenté',0,1,'',83),
	(333,'Troglodyte mignon',1,1,'',84),
	(334,'Sittelle torchepot',0,1,'',84),
	(335,'Avocette élégante',0,1,'',84),
	(336,'Geai des chênes',0,1,'',84),
	(337,'??chasse blanche',1,1,'',85),
	(338,'Rougequeue noir',0,1,'',85),
	(339,'Pigeon ramier',0,1,'',85),
	(340,'Pouillot véloce',0,1,'',85),
	(341,'Pic vert',1,1,'',86),
	(342,'Grive musicienne',0,1,'',86),
	(343,'Cygne tuberculé',0,1,'',86),
	(344,'Choucas des tours',0,1,'',86),
	(345,'Aigrette garzette',1,1,'',87),
	(346,'Pic épeiche',0,1,'',87),
	(347,'Mouette rieuse',0,1,'',87),
	(348,'Chardonneret élégant',0,1,'',87),
	(349,'Cygne tuberculé',1,1,'',88),
	(350,'??chasse blanche',0,1,'',88),
	(351,'Avocette élégante',0,1,'',88),
	(352,'Geai des chênes',0,1,'',88),
	(353,'Vanneau huppé',1,1,'',89),
	(354,'Canard souchet',0,1,'',89),
	(355,'Mésange à longue queue',0,1,'',89),
	(356,'Courlis cendré',0,1,'',89),
	(357,'Grande Aigrette',1,1,'',90),
	(358,'Cigogne blanche',0,1,'',90),
	(359,'Troglodyte mignon',0,1,'',90),
	(360,'Pinson des arbres',0,1,'',90),
	(361,'Buse variable',1,1,'',91),
	(362,'Goéland argenté',0,1,'',91),
	(363,'Sittelle torchepot',0,1,'',91),
	(364,'Troglodyte mignon',0,1,'',91),
	(365,'Tourterelle turque',1,1,'',92),
	(366,'Aigrette garzette',0,1,'',92),
	(367,'Merle noir',0,1,'',92),
	(368,'Milan noir',0,1,'',92),
	(369,'Goéland argenté',1,1,'',93),
	(370,'Mésange bleue',0,1,'',93),
	(371,'Milan noir',0,1,'',93),
	(372,'Verdier d\'Europe',0,1,'',93),
	(373,'Canard souchet',1,1,'',94),
	(374,'Pinson des arbres',0,1,'',94),
	(375,'Choucas des tours',0,1,'',94),
	(376,'Pic noir',0,1,'',94),
	(377,'Chardonneret élégant',1,1,'',95),
	(378,'Gallinule poule-d\'eau',0,1,'',95),
	(379,'Pinson des arbres',0,1,'',95),
	(380,'Bouvreuil pivoine',0,1,'',95),
	(381,'Verdier d\'Europe',1,1,'',96),
	(382,'Pouillot véloce',0,1,'',96),
	(383,'Rougequeue noir',0,1,'',96),
	(384,'Sittelle torchepot',0,1,'',96),
	(385,'Accenteur mouchet',1,1,'',97),
	(386,'Milan noir',0,1,'',97),
	(387,'Avocette élégante',0,1,'',97),
	(388,'??chasse blanche',0,1,'',97),
	(389,'Bruant proyer',1,1,'',98),
	(390,'Buse variable',0,1,'',98),
	(391,'Grive litorne',0,1,'',98),
	(392,'Martin-pêcheur d\'Europe',0,1,'',98),
	(393,'Courlis cendré',1,1,'',99),
	(394,'Accenteur mouchet',0,1,'',99),
	(395,'Foulque macroule',0,1,'',99),
	(396,'Pouillot véloce',0,1,'',99),
	(397,'Cigogne blanche',1,1,'',100),
	(398,'Mésange bleue',0,1,'',100),
	(399,'Pigeon ramier',0,1,'',100),
	(400,'Buse variable',0,1,'',100),
	(401,'Fuligule milouin',1,1,'',101),
	(402,'Grive musicienne',0,1,'',101),
	(403,'Foulque macroule',0,1,'',101),
	(404,'Buse variable',0,1,'',101),
	(405,'Canard chipeau',1,1,'',102),
	(406,'Tadorne de Belon',0,1,'',102),
	(407,'Pic épeiche',0,1,'',102),
	(408,'Merle noir',0,1,'',102),
	(409,'Milan noir',1,1,'',103),
	(410,'Corneille noire',0,1,'',103),
	(411,'Pouillot véloce',0,1,'',103),
	(412,'Gallinule poule-d\'eau',0,1,'',103),
	(413,'Foulque macroule',1,1,'',104),
	(414,'Vanneau huppé',0,1,'',104),
	(415,'Pic vert',0,1,'',104),
	(416,'Tadorne de Belon',0,1,'',104),
	(417,'Choucas des tours',1,1,'',105),
	(418,'Merle noir',0,1,'',105),
	(419,'Vanneau huppé',0,1,'',105),
	(420,'Aigrette garzette',0,1,'',105),
	(421,'Pinson des arbres',1,1,'',106),
	(422,'Flamant rose',0,1,'',106),
	(423,'Gallinule poule-d\'eau',0,1,'',106),
	(424,'Verdier d\'Europe',0,1,'',106),
	(425,'Sittelle torchepot',1,1,'',107),
	(426,'Avocette élégante',0,1,'',107),
	(427,'Linotte mélodieuse',0,1,'',107),
	(428,'Flamant rose',0,1,'',107),
	(429,'Martin-pêcheur d\'Europe',1,1,'',108),
	(430,'Bruant proyer',0,1,'',108),
	(431,'Gallinule poule-d\'eau',0,1,'',108),
	(432,'Pigeon ramier',0,1,'',108),
	(433,'Merle noir',1,1,'',109),
	(434,'Bruant proyer',0,1,'',109),
	(435,'Milan noir',0,1,'',109),
	(436,'Mouette rieuse',0,1,'',109),
	(437,'Grive musicienne',1,1,'',110),
	(438,'Canard chipeau',0,1,'',110),
	(439,'Aigrette garzette',0,1,'',110),
	(440,'Cigogne blanche',0,1,'',110),
	(441,'Mésange à longue queue',1,1,'',111),
	(442,'Avocette élégante',0,1,'',111),
	(443,'Pouillot véloce',0,1,'',111),
	(444,'Pinson des arbres',0,1,'',111),
	(445,'Canard colvert',1,1,'',112),
	(446,'Grive musicienne',0,1,'',112),
	(447,'Pic épeiche',0,1,'',112),
	(448,'Pigeon ramier',0,1,'',112),
	(449,'Rougequeue noir',1,1,'',113),
	(450,'Flamant rose',0,1,'',113),
	(451,'Fuligule milouin',0,1,'',113),
	(452,'Aigrette garzette',0,1,'',113),
	(453,'Pouillot véloce',1,1,'',114),
	(454,'??tourneau sansonnet',0,1,'',114),
	(455,'Vanneau huppé',0,1,'',114),
	(456,'Corneille noire',0,1,'',114),
	(457,'Corneille noire',1,1,'',115),
	(458,'Mésange bleue',0,1,'',115),
	(459,'Vanneau huppé',0,1,'',115),
	(460,'Martin-pêcheur d\'Europe',0,1,'',115),
	(461,'??tourneau sansonnet',1,1,'',116),
	(462,'Vanneau huppé',0,1,'',116),
	(463,'Martin-pêcheur d\'Europe',0,1,'',116),
	(464,'Grive litorne',0,1,'',116),
	(465,'Pic noir',1,1,'',117),
	(466,'Bruant proyer',0,1,'',117),
	(467,'??tourneau sansonnet',0,1,'',117),
	(468,'Chardonneret élégant',0,1,'',117),
	(469,'Mésange bleue',1,1,'',118),
	(470,'Accenteur mouchet',0,1,'',118),
	(471,'Canard chipeau',0,1,'',118),
	(472,'Gallinule poule-d\'eau',0,1,'',118),
	(473,'Avocette élégante',1,1,'',119),
	(474,'Cygne tuberculé',0,1,'',119),
	(475,'Bergeronnette grise',0,1,'',119),
	(476,'Geai des chênes',0,1,'',119),
	(477,'Bergeronnette grise',1,1,'',120),
	(478,'Pic vert',0,1,'',120),
	(479,'??chasse blanche',0,1,'',120),
	(480,'Courlis cendré',0,1,'',120),
	(481,'Mouette rieuse',1,1,'',121),
	(482,'Vanneau huppé',0,1,'',121),
	(483,'Tourterelle turque',0,1,'',121),
	(484,'Pigeon ramier',0,1,'',121),
	(485,'Gallinule poule-d\'eau',1,1,'',122),
	(486,'Pigeon ramier',0,1,'',122),
	(487,'Grive musicienne',0,1,'',122),
	(488,'Sittelle torchepot',0,1,'',122),
	(489,'Geai des chênes',1,1,'',123),
	(490,'Tadorne de Belon',0,1,'',123),
	(491,'Mésange à longue queue',0,1,'',123),
	(492,'Merle noir',0,1,'',123),
	(493,'',1,0,'http://www.oiseaux.net/photos/didier.collin/images/troglodyte.mignon.dico.2p.150.h.jpg',124),
	(494,'',0,0,'http://www.oiseaux.net/photos/didier.collin/images/tadorne.de.belon.dico.8p.150.h.jpg',124),
	(495,'',0,0,'http://www.oiseaux.net/photos/didier.collin/images/tourterelle.turque.dico.2p.150.h.jpg',124),
	(496,'',0,0,'http://www.oiseaux.net/photos/didier.collin/images/martin-pecheur.d.europe.dico.6p.150.h.jpg',124),
	(497,'',1,0,'http://www.oiseaux.net/photos/didier.collin/images/milan.noir.dico.1p.150.h.jpg',125),
	(498,'',0,0,'http://www.oiseaux.net/photos/didier.collin/images/flamant.rose.dico.8p.150.h.jpg',125),
	(499,'',0,0,'http://www.oiseaux.net/photos/didier.collin/images/goeland.argente.dico.6p.150.h.jpg',125),
	(500,'',0,0,'http://www.oiseaux.net/photos/didier.collin/images/foulque.macroule.dico.1p.150.h.jpg',125),
	(501,'',1,0,'http://www.oiseaux.net/photos/didier.collin/images/linotte.melodieuse.dico.4p.150.h.jpg',126),
	(502,'',0,0,'http://www.oiseaux.net/photos/didier.collin/images/martin-pecheur.d.europe.dico.6p.150.h.jpg',126),
	(503,'',0,0,'http://www.oiseaux.net/photos/didier.collin/images/vanneau.huppe.dico.1p.150.h.jpg',126),
	(504,'',0,0,'http://www.oiseaux.net/photos/didier.collin/images/milan.noir.dico.1p.150.h.jpg',126),
	(505,'',1,0,'http://www.oiseaux.net/photos/didier.collin/images/bergeronnette.grise.dico.5p.150.h.jpg',127),
	(506,'',0,0,'http://www.oiseaux.net/photos/didier.collin/images/martin-pecheur.d.europe.dico.6p.150.h.jpg',127),
	(507,'',0,0,'http://www.oiseaux.net/photos/didier.collin/images/goeland.argente.dico.6p.150.h.jpg',127),
	(508,'',0,0,'http://www.oiseaux.net/photos/didier.collin/images/pic.noir.dico.1p.150.h.jpg',127),
	(509,'',1,0,'http://www.oiseaux.net/photos/didier.collin/images/pic.epeiche.dico.10p.150.h.jpg',128),
	(510,'',0,0,'http://www.oiseaux.net/photos/didier.collin/images/goeland.argente.dico.6p.150.h.jpg',128),
	(511,'',0,0,'http://www.oiseaux.net/photos/didier.collin/images/martin-pecheur.d.europe.dico.6p.150.h.jpg',128),
	(512,'',0,0,'http://www.oiseaux.net/photos/didier.collin/images/aigrette.garzette.dico.1p.150.h.jpg',128),
	(513,'',1,0,'http://www.oiseaux.net/photos/didier.collin/images/canard.souchet.dico.4p.150.h.jpg',129),
	(514,'',0,0,'http://www.oiseaux.net/photos/didier.collin/images/aigrette.garzette.dico.1p.150.h.jpg',129),
	(515,'',0,0,'http://www.oiseaux.net/photos/didier.collin/images/buse.variable.dico.1p.150.h.jpg',129),
	(516,'',0,0,'http://www.oiseaux.net/photos/didier.collin/images/vanneau.huppe.dico.1p.150.h.jpg',129),
	(517,'',1,0,'http://www.oiseaux.net/photos/didier.collin/images/pic.vert.dico.3p.150.h.jpg',130),
	(518,'',0,0,'http://www.oiseaux.net/photos/didier.collin/images/cigogne.blanche.dico.4p.150.h.jpg',130),
	(519,'',0,0,'http://www.oiseaux.net/photos/didier.collin/images/aigrette.garzette.dico.1p.150.h.jpg',130),
	(520,'',0,0,'http://www.oiseaux.net/photos/didier.collin/images/avocette.elegante.dico.5p.150.h.jpg',130),
	(521,'',1,0,'http://www.oiseaux.net/photos/didier.collin/images/grive.musicienne.dico.1p.150.h.jpg',131),
	(522,'',0,0,'http://www.oiseaux.net/photos/aurelien.audevard/images/gallinule.poule-d.eau.auau.1p.150.h.jpg',131),
	(523,'',0,0,'http://www.oiseaux.net/photos/didier.collin/images/martin-pecheur.d.europe.dico.6p.150.h.jpg',131),
	(524,'',0,0,'http://www.oiseaux.net/photos/didier.collin/images/cigogne.blanche.dico.4p.150.h.jpg',131),
	(525,'',1,0,'http://www.oiseaux.net/photos/aurelien.audevard/images/bruant.proyer.auau.8p.150.h.jpg',132),
	(526,'',0,0,'http://www.oiseaux.net/photos/didier.collin/images/pic.epeiche.dico.10p.150.h.jpg',132),
	(527,'',0,0,'http://www.oiseaux.net/photos/didier.collin/images/cigogne.blanche.dico.4p.150.h.jpg',132),
	(528,'',0,0,'http://www.oiseaux.net/photos/didier.collin/images/tourterelle.turque.dico.2p.150.h.jpg',132),
	(529,'',1,0,'http://www.oiseaux.net/photos/didier.collin/images/fuligule.milouin.dico.1p.150.h.jpg',133),
	(530,'',0,0,'http://www.oiseaux.net/photos/didier.collin/images/foulque.macroule.dico.1p.150.h.jpg',133),
	(531,'',0,0,'http://www.oiseaux.net/photos/didier.collin/images/cigogne.blanche.dico.4p.150.h.jpg',133),
	(532,'',0,0,'http://www.oiseaux.net/photos/didier.collin/images/tourterelle.turque.dico.2p.150.h.jpg',133),
	(533,'',1,0,'http://www.oiseaux.net/photos/didier.collin/images/tadorne.de.belon.dico.8p.150.h.jpg',134),
	(534,'',0,0,'http://www.oiseaux.net/photos/didier.collin/images/milan.noir.dico.1p.150.h.jpg',134),
	(535,'',0,0,'http://www.oiseaux.net/photos/didier.collin/images/cigogne.blanche.dico.4p.150.h.jpg',134),
	(536,'',0,0,'http://www.oiseaux.net/photos/didier.collin/images/courlis.cendre.dico.8p.150.h.jpg',134),
	(537,'',1,0,'http://www.oiseaux.net/photos/didier.collin/images/buse.variable.dico.1p.150.h.jpg',135),
	(538,'',0,0,'http://www.oiseaux.net/photos/didier.collin/images/cigogne.blanche.dico.4p.150.h.jpg',135),
	(539,'',0,0,'http://www.oiseaux.net/photos/didier.collin/images/tourterelle.turque.dico.2p.150.h.jpg',135),
	(540,'',0,0,'http://www.oiseaux.net/photos/didier.collin/images/courlis.cendre.dico.8p.150.h.jpg',135),
	(541,'',1,0,'http://www.oiseaux.net/photos/didier.collin/images/cygne.tubercule.dico.4p.150.h.jpg',136),
	(542,'',0,0,'http://www.oiseaux.net/photos/didier.collin/images/milan.noir.dico.1p.150.h.jpg',136),
	(543,'',0,0,'http://www.oiseaux.net/photos/didier.collin/images/foulque.macroule.dico.1p.150.h.jpg',136),
	(544,'',0,0,'http://www.oiseaux.net/photos/didier.collin/images/flamant.rose.dico.8p.150.h.jpg',136),
	(545,'',1,0,'http://www.oiseaux.net/photos/didier.collin/images/canard.colvert.dico.1p.150.h.jpg',137),
	(546,'',0,0,'http://www.oiseaux.net/photos/didier.collin/images/accenteur.mouchet.dico.6p.150.h.jpg',137),
	(547,'',0,0,'http://www.oiseaux.net/photos/didier.collin/images/flamant.rose.dico.8p.150.h.jpg',137),
	(548,'',0,0,'http://www.oiseaux.net/photos/didier.collin/images/tourterelle.turque.dico.2p.150.h.jpg',137),
	(549,'',1,0,'http://www.oiseaux.net/photos/didier.collin/images/mesange.a.longue.queue.dico.7p.150.h.jpg',138),
	(550,'',0,0,'http://www.oiseaux.net/photos/didier.collin/images/flamant.rose.dico.8p.150.h.jpg',138),
	(551,'',0,0,'http://www.oiseaux.net/photos/didier.collin/images/foulque.macroule.dico.1p.150.h.jpg',138),
	(552,'',0,0,'http://www.oiseaux.net/photos/didier.collin/images/tourterelle.turque.dico.2p.150.h.jpg',138),
	(553,'',1,0,'http://www.oiseaux.net/photos/didier.collin/images/mouette.rieuse.dico.7p.150.h.jpg',139),
	(554,'',0,0,'http://www.oiseaux.net/photos/didier.collin/images/aigrette.garzette.dico.1p.150.h.jpg',139),
	(555,'',0,0,'http://www.oiseaux.net/photos/didier.collin/images/pic.noir.dico.1p.150.h.jpg',139),
	(556,'',0,0,'http://www.oiseaux.net/photos/didier.collin/images/milan.noir.dico.1p.150.h.jpg',139),
	(557,'',1,0,'http://www.oiseaux.net/photos/didier.collin/images/merle.noir.dico.3p.150.h.jpg',140),
	(558,'',0,0,'http://www.oiseaux.net/photos/didier.collin/images/echasse.blanche.dico.15p.150.h.jpg',140),
	(559,'',0,0,'http://www.oiseaux.net/photos/didier.collin/images/flamant.rose.dico.8p.150.h.jpg',140),
	(560,'',0,0,'http://www.oiseaux.net/photos/didier.collin/images/pic.noir.dico.1p.150.h.jpg',140),
	(561,'',1,0,'http://www.oiseaux.net/photos/didier.collin/images/courlis.cendre.dico.8p.150.h.jpg',141),
	(562,'',0,0,'http://www.oiseaux.net/photos/didier.collin/images/pigeon.ramier.dico.1p.150.h.jpg',141),
	(563,'',0,0,'http://www.oiseaux.net/photos/aurelien.audevard/images/pinson.des.arbres.auau.6p.150.h.jpg',141),
	(564,'',0,0,'http://www.oiseaux.net/photos/didier.collin/images/aigrette.garzette.dico.1p.150.h.jpg',141),
	(565,'',1,0,'http://www.oiseaux.net/photos/didier.collin/images/mesange.bleue.dico.14p.150.h.jpg',142),
	(566,'',0,0,'http://www.oiseaux.net/photos/didier.collin/images/pigeon.ramier.dico.1p.150.h.jpg',142),
	(567,'',0,0,'http://www.oiseaux.net/photos/aurelien.audevard/images/gallinule.poule-d.eau.auau.1p.150.h.jpg',142),
	(568,'',0,0,'http://www.oiseaux.net/photos/didier.collin/images/martin-pecheur.d.europe.dico.6p.150.h.jpg',142),
	(569,'',1,0,'http://www.oiseaux.net/photos/didier.collin/images/grande.aigrette.dico.10p.150.h.jpg',143),
	(570,'',0,0,'http://www.oiseaux.net/photos/didier.collin/images/foulque.macroule.dico.1p.150.h.jpg',143),
	(571,'',0,0,'http://www.oiseaux.net/photos/didier.collin/images/troglodyte.mignon.dico.2p.150.h.jpg',143),
	(572,'',0,0,'http://www.oiseaux.net/photos/didier.collin/images/pic.noir.dico.1p.150.h.jpg',143),
	(573,'',1,0,'http://www.oiseaux.net/photos/aurelien.audevard/images/pinson.des.arbres.auau.6p.150.h.jpg',144),
	(574,'',0,0,'http://www.oiseaux.net/photos/didier.collin/images/cigogne.blanche.dico.4p.150.h.jpg',144),
	(575,'',0,0,'http://www.oiseaux.net/photos/didier.collin/images/pigeon.ramier.dico.1p.150.h.jpg',144),
	(576,'',0,0,'http://www.oiseaux.net/photos/didier.collin/images/aigrette.garzette.dico.1p.150.h.jpg',144),
	(577,'',1,0,'http://www.oiseaux.net/photos/didier.collin/images/canard.chipeau.dico.1p.150.h.jpg',145),
	(578,'',0,0,'http://www.oiseaux.net/photos/didier.collin/images/foulque.macroule.dico.1p.150.h.jpg',145),
	(579,'',0,0,'http://www.oiseaux.net/photos/didier.collin/images/cigogne.blanche.dico.4p.150.h.jpg',145),
	(580,'',0,0,'http://www.oiseaux.net/photos/didier.collin/images/goeland.argente.dico.6p.150.h.jpg',145),
	(581,'',1,0,'http://www.oiseaux.net/photos/didier.collin/images/avocette.elegante.dico.5p.150.h.jpg',146),
	(582,'',0,0,'http://www.oiseaux.net/photos/didier.collin/images/tadorne.de.belon.dico.8p.150.h.jpg',146),
	(583,'',0,0,'http://www.oiseaux.net/photos/didier.collin/images/flamant.rose.dico.8p.150.h.jpg',146),
	(584,'',0,0,'http://www.oiseaux.net/photos/aurelien.audevard/images/gallinule.poule-d.eau.auau.1p.150.h.jpg',146),
	(585,'',1,0,'http://www.oiseaux.net/photos/aurelien.audevard/images/pouillot.veloce.auau.4p.150.h.jpg',147),
	(586,'',0,0,'http://www.oiseaux.net/photos/didier.collin/images/canard.chipeau.dico.1p.150.h.jpg',147),
	(587,'',0,0,'http://www.oiseaux.net/photos/didier.collin/images/pic.noir.dico.1p.150.h.jpg',147),
	(588,'',0,0,'http://www.oiseaux.net/photos/didier.collin/images/flamant.rose.dico.8p.150.h.jpg',147),
	(589,'',1,0,'http://www.oiseaux.net/photos/didier.collin/images/grive.litorne.dico.2p.150.h.jpg',148),
	(590,'',0,0,'http://www.oiseaux.net/photos/didier.collin/images/pic.noir.dico.1p.150.h.jpg',148),
	(591,'',0,0,'http://www.oiseaux.net/photos/didier.collin/images/cigogne.blanche.dico.4p.150.h.jpg',148),
	(592,'',0,0,'http://www.oiseaux.net/photos/aurelien.audevard/images/gallinule.poule-d.eau.auau.1p.150.h.jpg',148),
	(593,'',1,0,'http://www.oiseaux.net/photos/didier.collin/images/geai.des.chenes.dico.5p.150.h.jpg',149),
	(594,'',0,0,'http://www.oiseaux.net/photos/didier.collin/images/pic.epeiche.dico.10p.150.h.jpg',149),
	(595,'',0,0,'http://www.oiseaux.net/photos/aurelien.audevard/images/gallinule.poule-d.eau.auau.1p.150.h.jpg',149),
	(596,'',0,0,'http://www.oiseaux.net/photos/didier.collin/images/martin-pecheur.d.europe.dico.6p.150.h.jpg',149),
	(597,'',1,0,'http://www.oiseaux.net/photos/didier.collin/images/pic.noir.dico.1p.150.h.jpg',150),
	(598,'',0,0,'http://www.oiseaux.net/photos/didier.collin/images/canard.chipeau.dico.1p.150.h.jpg',150),
	(599,'',0,0,'http://www.oiseaux.net/photos/didier.collin/images/flamant.rose.dico.8p.150.h.jpg',150),
	(600,'',0,0,'http://www.oiseaux.net/photos/didier.collin/images/cigogne.blanche.dico.4p.150.h.jpg',150),
	(601,'',1,0,'http://www.oiseaux.net/photos/didier.collin/images/vanneau.huppe.dico.1p.150.h.jpg',151),
	(602,'',0,0,'http://www.oiseaux.net/photos/didier.collin/images/pic.vert.dico.3p.150.h.jpg',151),
	(603,'',0,0,'http://www.oiseaux.net/photos/aurelien.audevard/images/gallinule.poule-d.eau.auau.1p.150.h.jpg',151),
	(604,'',0,0,'http://www.oiseaux.net/photos/didier.collin/images/milan.noir.dico.1p.150.h.jpg',151),
	(605,'',1,0,'http://www.oiseaux.net/photos/didier.collin/images/bouvreuil.pivoine.dico.1p.150.h.jpg',152),
	(606,'',0,0,'http://www.oiseaux.net/photos/aurelien.audevard/images/gallinule.poule-d.eau.auau.1p.150.h.jpg',152),
	(607,'',0,0,'http://www.oiseaux.net/photos/didier.collin/images/goeland.argente.dico.6p.150.h.jpg',152),
	(608,'',0,0,'http://www.oiseaux.net/photos/didier.collin/images/pigeon.ramier.dico.1p.150.h.jpg',152),
	(609,'',1,0,'http://www.oiseaux.net/photos/didier.collin/images/cigogne.blanche.dico.4p.150.h.jpg',153),
	(610,'',0,0,'http://www.oiseaux.net/photos/didier.collin/images/pigeon.ramier.dico.1p.150.h.jpg',153),
	(611,'',0,0,'http://www.oiseaux.net/photos/didier.collin/images/pic.vert.dico.3p.150.h.jpg',153),
	(612,'',0,0,'http://www.oiseaux.net/photos/didier.collin/images/martin-pecheur.d.europe.dico.6p.150.h.jpg',153),
	(613,'',1,0,'http://www.oiseaux.net/photos/didier.collin/images/choucas.des.tours.dico.4p.150.h.jpg',154),
	(614,'',0,0,'http://www.oiseaux.net/photos/didier.collin/images/pic.noir.dico.1p.150.h.jpg',154),
	(615,'',0,0,'http://www.oiseaux.net/photos/didier.collin/images/martin-pecheur.d.europe.dico.6p.150.h.jpg',154),
	(616,'',0,0,'http://www.oiseaux.net/photos/didier.collin/images/milan.noir.dico.1p.150.h.jpg',154),
	(617,'',1,0,'http://www.oiseaux.net/photos/aurelien.audevard/images/chardonneret.elegant.auau.4p.150.h.jpg',155),
	(618,'',0,0,'http://www.oiseaux.net/photos/didier.collin/images/cigogne.blanche.dico.4p.150.h.jpg',155),
	(619,'',0,0,'http://www.oiseaux.net/photos/didier.collin/images/vanneau.huppe.dico.1p.150.h.jpg',155),
	(620,'',0,0,'http://www.oiseaux.net/photos/didier.collin/images/cygne.tubercule.dico.4p.150.h.jpg',155),
	(621,'',1,0,'http://www.oiseaux.net/photos/aurelien.audevard/images/rougequeue.noir.auau.4p.150.h.jpg',156),
	(622,'',0,0,'http://www.oiseaux.net/photos/didier.collin/images/goeland.argente.dico.6p.150.h.jpg',156),
	(623,'',0,0,'http://www.oiseaux.net/photos/didier.collin/images/fuligule.milouin.dico.1p.150.h.jpg',156),
	(624,'',0,0,'http://www.oiseaux.net/photos/didier.collin/images/pic.vert.dico.3p.150.h.jpg',156),
	(625,'',1,0,'http://www.oiseaux.net/photos/didier.collin/images/pigeon.ramier.dico.1p.150.h.jpg',157),
	(626,'',0,0,'http://www.oiseaux.net/photos/didier.collin/images/milan.noir.dico.1p.150.h.jpg',157),
	(627,'',0,0,'http://www.oiseaux.net/photos/didier.collin/images/aigrette.garzette.dico.1p.150.h.jpg',157),
	(628,'',0,0,'http://www.oiseaux.net/photos/didier.collin/images/cigogne.blanche.dico.4p.150.h.jpg',157),
	(629,'',1,0,'http://www.oiseaux.net/photos/didier.collin/images/verdier.d.europe.dico.5p.150.h.jpg',158),
	(630,'',0,0,'http://www.oiseaux.net/photos/didier.collin/images/grande.aigrette.dico.10p.150.h.jpg',158),
	(631,'',0,0,'http://www.oiseaux.net/photos/didier.collin/images/cigogne.blanche.dico.4p.150.h.jpg',158),
	(632,'',0,0,'http://www.oiseaux.net/photos/didier.collin/images/martin-pecheur.d.europe.dico.6p.150.h.jpg',158),
	(633,'',1,0,'http://www.oiseaux.net/photos/didier.collin/images/aigrette.garzette.dico.1p.150.h.jpg',159),
	(634,'',0,0,'http://www.oiseaux.net/photos/didier.collin/images/tadorne.de.belon.dico.8p.150.h.jpg',159),
	(635,'',0,0,'http://www.oiseaux.net/photos/didier.collin/images/flamant.rose.dico.8p.150.h.jpg',159),
	(636,'',0,0,'http://www.oiseaux.net/photos/didier.collin/images/accenteur.mouchet.dico.6p.150.h.jpg',159),
	(637,'',1,0,'http://www.oiseaux.net/photos/didier.collin/images/corneille.noire.dico.2p.150.h.jpg',160),
	(638,'',0,0,'http://www.oiseaux.net/photos/didier.collin/images/echasse.blanche.dico.15p.150.h.jpg',160),
	(639,'',0,0,'http://www.oiseaux.net/photos/didier.collin/images/flamant.rose.dico.8p.150.h.jpg',160),
	(640,'',0,0,'http://www.oiseaux.net/photos/didier.collin/images/canard.chipeau.dico.1p.150.h.jpg',160),
	(641,'',1,0,'http://www.oiseaux.net/photos/aurelien.audevard/images/gallinule.poule-d.eau.auau.1p.150.h.jpg',161),
	(642,'',0,0,'http://www.oiseaux.net/photos/didier.collin/images/martin-pecheur.d.europe.dico.6p.150.h.jpg',161),
	(643,'',0,0,'http://www.oiseaux.net/photos/didier.collin/images/pigeon.ramier.dico.1p.150.h.jpg',161),
	(644,'',0,0,'http://www.oiseaux.net/photos/didier.collin/images/pic.epeiche.dico.10p.150.h.jpg',161),
	(645,'',1,0,'http://www.oiseaux.net/photos/didier.collin/images/etourneau.sansonnet.dico.5p.150.h.jpg',162),
	(646,'',0,0,'http://www.oiseaux.net/photos/didier.collin/images/pic.vert.dico.3p.150.h.jpg',162),
	(647,'',0,0,'http://www.oiseaux.net/photos/didier.collin/images/buse.variable.dico.1p.150.h.jpg',162),
	(648,'',0,0,'http://www.oiseaux.net/photos/didier.collin/images/fuligule.milouin.dico.1p.150.h.jpg',162),
	(649,'',1,0,'http://www.oiseaux.net/photos/didier.collin/images/flamant.rose.dico.8p.150.h.jpg',163),
	(650,'',0,0,'http://www.oiseaux.net/photos/didier.collin/images/pic.vert.dico.3p.150.h.jpg',163),
	(651,'',0,0,'http://www.oiseaux.net/photos/didier.collin/images/martin-pecheur.d.europe.dico.6p.150.h.jpg',163),
	(652,'',0,0,'http://www.oiseaux.net/photos/didier.collin/images/buse.variable.dico.1p.150.h.jpg',163),
	(653,'',1,0,'http://www.oiseaux.net/photos/didier.collin/images/martin-pecheur.d.europe.dico.6p.150.h.jpg',164),
	(654,'',0,0,'http://www.oiseaux.net/photos/aurelien.audevard/images/rougequeue.noir.auau.4p.150.h.jpg',164),
	(655,'',0,0,'http://www.oiseaux.net/photos/didier.collin/images/buse.variable.dico.1p.150.h.jpg',164),
	(656,'',0,0,'http://www.oiseaux.net/photos/didier.collin/images/pic.epeiche.dico.10p.150.h.jpg',164),
	(657,'',1,0,'http://www.oiseaux.net/photos/aurelien.audevard/images/gallinule.poule-d.eau.auau.1p.150.h.jpg',165),
	(658,'',0,0,'http://www.oiseaux.net/photos/didier.collin/images/accenteur.mouchet.dico.6p.150.h.jpg',165),
	(659,'',0,0,'http://www.oiseaux.net/photos/didier.collin/images/courlis.cendre.dico.5p.150.h.jpg',165),
	(660,'',0,0,'http://www.oiseaux.net/photos/didier.collin/images/martin-pecheur.d.europe.dico.1p.150.h.jpg',165),
	(661,'',1,0,'http://www.oiseaux.net/photos/didier.collin/images/flamant.rose.dico.8p.150.h.jpg',166),
	(662,'',0,0,'http://www.oiseaux.net/photos/didier.collin/images/martin-pecheur.d.europe.dico.1p.150.h.jpg',166),
	(663,'',0,0,'http://www.oiseaux.net/photos/didier.collin/images/accenteur.mouchet.dico.6p.150.h.jpg',166),
	(664,'',0,0,'http://www.oiseaux.net/photos/didier.collin/images/echasse.blanche.dico.9p.150.h.jpg',166),
	(665,'',1,0,'http://www.oiseaux.net/photos/aurelien.audevard/images/bruant.proyer.auau.8p.150.h.jpg',167),
	(666,'',0,0,'http://www.oiseaux.net/photos/didier.collin/images/cigogne.blanche.dico.4p.150.h.jpg',167),
	(667,'',0,0,'http://www.oiseaux.net/photos/didier.collin/images/tourterelle.turque.dico.3p.150.h.jpg',167),
	(668,'',0,0,'http://www.oiseaux.net/photos/didier.collin/images/mouette.rieuse.dico.7p.150.h.jpg',167),
	(669,'',1,0,'http://www.oiseaux.net/photos/aurelien.audevard/images/pouillot.veloce.auau.4p.150.h.jpg',168),
	(670,'',0,0,'http://www.oiseaux.net/photos/didier.collin/images/rougequeue.noir.dico.7p.150.h.jpg',168),
	(671,'',0,0,'http://www.oiseaux.net/photos/didier.collin/images/bergeronnette.grise.dico.7p.150.h.jpg',168),
	(672,'',0,0,'http://www.oiseaux.net/photos/didier.collin/images/pigeon.ramier.dico.1p.150.h.jpg',168),
	(673,'',1,0,'http://www.oiseaux.net/photos/didier.collin/images/buse.variable.dico.1p.150.h.jpg',169),
	(674,'',0,0,'http://www.oiseaux.net/photos/didier.collin/images/etourneau.sansonnet.dico.5p.150.h.jpg',169),
	(675,'',0,0,'http://www.oiseaux.net/photos/didier.collin/images/corneille.noire.dico.2p.150.h.jpg',169),
	(676,'',0,0,'http://www.oiseaux.net/photos/didier.collin/images/mesange.a.longue.queue.dico.7p.150.h.jpg',169),
	(677,'',1,0,'http://www.oiseaux.net/photos/didier.collin/images/pigeon.ramier.dico.1p.150.h.jpg',170),
	(678,'',0,0,'http://www.oiseaux.net/photos/didier.collin/images/verdier.d.europe.dico.3p.150.h.jpg',170),
	(679,'',0,0,'http://www.oiseaux.net/photos/didier.collin/images/geai.des.chenes.dico.4p.150.h.jpg',170),
	(680,'',0,0,'http://www.oiseaux.net/photos/didier.collin/images/sittelle.torchepot.dico.7p.150.h.jpg',170),
	(681,'',1,0,'http://www.oiseaux.net/photos/didier.collin/images/rougequeue.noir.dico.7p.150.h.jpg',171),
	(682,'',0,0,'http://www.oiseaux.net/photos/didier.collin/images/pic.epeiche.dico.4p.150.h.jpg',171),
	(683,'',0,0,'http://www.oiseaux.net/photos/didier.collin/images/cigogne.blanche.dico.4p.150.h.jpg',171),
	(684,'',0,0,'http://www.oiseaux.net/photos/didier.collin/images/troglodyte.mignon.dico.10p.150.h.jpg',171),
	(685,'',1,0,'http://www.oiseaux.net/photos/didier.collin/images/goeland.argente.dico.2p.150.h.jpg',172),
	(686,'',0,0,'http://www.oiseaux.net/photos/didier.collin/images/avocette.elegante.dico.5p.150.h.jpg',172),
	(687,'',0,0,'http://www.oiseaux.net/photos/didier.collin/images/flamant.rose.dico.8p.150.h.jpg',172),
	(688,'',0,0,'http://www.oiseaux.net/photos/didier.collin/images/etourneau.sansonnet.dico.5p.150.h.jpg',172),
	(689,'',1,0,'http://www.oiseaux.net/photos/aurelien.audevard/images/aigrette.garzette.auau.6p.150.h.jpg',173),
	(690,'',0,0,'http://www.oiseaux.net/photos/didier.collin/images/milan.noir.dico.1p.150.h.jpg',173),
	(691,'',0,0,'http://www.oiseaux.net/photos/didier.collin/images/cygne.tubercule.dico.4p.150.h.jpg',173),
	(692,'',0,0,'http://www.oiseaux.net/photos/aurelien.audevard/images/gallinule.poule-d.eau.auau.1p.150.h.jpg',173),
	(693,'',1,0,'http://www.oiseaux.net/photos/didier.collin/images/grande.aigrette.dico.2p.150.h.jpg',174),
	(694,'',0,0,'http://www.oiseaux.net/photos/didier.collin/images/mesange.a.longue.queue.dico.7p.150.h.jpg',174),
	(695,'',0,0,'http://www.oiseaux.net/photos/didier.collin/images/foulque.macroule.dico.1p.150.h.jpg',174),
	(696,'',0,0,'http://www.oiseaux.net/photos/aurelien.audevard/images/vanneau.huppe.auau.6p.150.h.jpg',174),
	(697,'',1,0,'http://www.oiseaux.net/photos/didier.collin/images/pic.noir.dico.1p.150.h.jpg',175),
	(698,'',0,0,'http://www.oiseaux.net/photos/didier.collin/images/sittelle.torchepot.dico.7p.150.h.jpg',175),
	(699,'',0,0,'http://www.oiseaux.net/photos/aurelien.audevard/images/vanneau.huppe.auau.6p.150.h.jpg',175),
	(700,'',0,0,'http://www.oiseaux.net/photos/aurelien.audevard/images/pinson.des.arbres.auau.6p.150.h.jpg',175),
	(701,'',1,0,'http://www.oiseaux.net/photos/didier.collin/images/corneille.noire.dico.2p.150.h.jpg',176),
	(702,'',0,0,'http://www.oiseaux.net/photos/didier.collin/images/canard.chipeau.dico.1p.150.h.jpg',176),
	(703,'',0,0,'http://www.oiseaux.net/photos/didier.collin/images/sittelle.torchepot.dico.7p.150.h.jpg',176),
	(704,'',0,0,'http://www.oiseaux.net/photos/didier.collin/images/grande.aigrette.dico.2p.150.h.jpg',176),
	(705,'',1,0,'http://www.oiseaux.net/photos/didier.collin/images/bouvreuil.pivoine.dico.1p.150.h.jpg',177),
	(706,'',0,0,'http://www.oiseaux.net/photos/didier.collin/images/grande.aigrette.dico.2p.150.h.jpg',177),
	(707,'',0,0,'http://www.oiseaux.net/photos/aurelien.audevard/images/pouillot.veloce.auau.4p.150.h.jpg',177),
	(708,'',0,0,'http://www.oiseaux.net/photos/didier.collin/images/choucas.des.tours.dico.4p.150.h.jpg',177),
	(709,'',1,0,'http://www.oiseaux.net/photos/didier.collin/images/mesange.a.longue.queue.dico.7p.150.h.jpg',178),
	(710,'',0,0,'http://www.oiseaux.net/photos/didier.collin/images/cigogne.blanche.dico.4p.150.h.jpg',178),
	(711,'',0,0,'http://www.oiseaux.net/photos/didier.collin/images/grive.litorne.dico.2p.150.h.jpg',178),
	(712,'',0,0,'http://www.oiseaux.net/photos/didier.collin/images/rougequeue.noir.dico.7p.150.h.jpg',178),
	(713,'',1,0,'http://www.oiseaux.net/photos/didier.collin/images/geai.des.chenes.dico.4p.150.h.jpg',179),
	(714,'',0,0,'http://www.oiseaux.net/photos/didier.collin/images/pigeon.ramier.dico.1p.150.h.jpg',179),
	(715,'',0,0,'http://www.oiseaux.net/photos/didier.collin/images/cigogne.blanche.dico.4p.150.h.jpg',179),
	(716,'',0,0,'http://www.oiseaux.net/photos/aurelien.audevard/images/pouillot.veloce.auau.4p.150.h.jpg',179),
	(717,'',1,0,'http://www.oiseaux.net/photos/didier.collin/images/accenteur.mouchet.dico.6p.150.h.jpg',180),
	(718,'',0,0,'http://www.oiseaux.net/photos/aurelien.audevard/images/vanneau.huppe.auau.6p.150.h.jpg',180),
	(719,'',0,0,'http://www.oiseaux.net/photos/didier.collin/images/bergeronnette.grise.dico.7p.150.h.jpg',180),
	(720,'',0,0,'http://www.oiseaux.net/photos/didier.collin/images/cigogne.blanche.dico.4p.150.h.jpg',180),
	(721,'',1,0,'http://www.oiseaux.net/photos/aurelien.audevard/images/vanneau.huppe.auau.6p.150.h.jpg',181),
	(722,'',0,0,'http://www.oiseaux.net/photos/didier.collin/images/grive.litorne.dico.2p.150.h.jpg',181),
	(723,'',0,0,'http://www.oiseaux.net/photos/didier.collin/images/sittelle.torchepot.dico.7p.150.h.jpg',181),
	(724,'',0,0,'http://www.oiseaux.net/photos/didier.collin/images/rougequeue.noir.dico.7p.150.h.jpg',181),
	(725,'',1,0,'http://www.oiseaux.net/photos/didier.collin/images/fuligule.milouin.dico.1p.150.h.jpg',182),
	(726,'',0,0,'http://www.oiseaux.net/photos/aurelien.audevard/images/gallinule.poule-d.eau.auau.1p.150.h.jpg',182),
	(727,'',0,0,'http://www.oiseaux.net/photos/didier.collin/images/mesange.a.longue.queue.dico.7p.150.h.jpg',182),
	(728,'',0,0,'http://www.oiseaux.net/photos/didier.collin/images/verdier.d.europe.dico.3p.150.h.jpg',182),
	(729,'',1,0,'http://www.oiseaux.net/photos/didier.collin/images/mesange.bleue.dico.9p.150.h.jpg',183),
	(730,'',0,0,'http://www.oiseaux.net/photos/aurelien.audevard/images/pouillot.veloce.auau.4p.150.h.jpg',183),
	(731,'',0,0,'http://www.oiseaux.net/photos/didier.collin/images/troglodyte.mignon.dico.10p.150.h.jpg',183),
	(732,'',0,0,'http://www.oiseaux.net/photos/didier.collin/images/accenteur.mouchet.dico.6p.150.h.jpg',183),
	(733,'',1,0,'http://www.oiseaux.net/photos/didier.collin/images/linotte.melodieuse.dico.4p.150.h.jpg',184),
	(734,'',0,0,'http://www.oiseaux.net/photos/didier.collin/images/merle.noir.dico.3p.150.h.jpg',184),
	(735,'',0,0,'http://www.oiseaux.net/photos/didier.collin/images/buse.variable.dico.1p.150.h.jpg',184),
	(736,'',0,0,'http://www.oiseaux.net/photos/aurelien.audevard/images/vanneau.huppe.auau.6p.150.h.jpg',184),
	(737,'',1,0,'http://www.oiseaux.net/photos/didier.collin/images/grive.musicienne.dico.1p.150.h.jpg',185),
	(738,'',0,0,'http://www.oiseaux.net/photos/aurelien.audevard/images/vanneau.huppe.auau.6p.150.h.jpg',185),
	(739,'',0,0,'http://www.oiseaux.net/photos/didier.collin/images/mesange.a.longue.queue.dico.7p.150.h.jpg',185),
	(740,'',0,0,'http://www.oiseaux.net/photos/didier.collin/images/sittelle.torchepot.dico.7p.150.h.jpg',185),
	(741,'',1,0,'http://www.oiseaux.net/photos/didier.collin/images/canard.souchet.dico.4p.150.h.jpg',186),
	(742,'',0,0,'http://www.oiseaux.net/photos/didier.collin/images/choucas.des.tours.dico.4p.150.h.jpg',186),
	(743,'',0,0,'http://www.oiseaux.net/photos/didier.collin/images/foulque.macroule.dico.1p.150.h.jpg',186),
	(744,'',0,0,'http://www.oiseaux.net/photos/aurelien.audevard/images/vanneau.huppe.auau.6p.150.h.jpg',186),
	(745,'',1,0,'http://www.oiseaux.net/photos/didier.collin/images/choucas.des.tours.dico.4p.150.h.jpg',187),
	(746,'',0,0,'http://www.oiseaux.net/photos/didier.collin/images/merle.noir.dico.3p.150.h.jpg',187),
	(747,'',0,0,'http://www.oiseaux.net/photos/didier.collin/images/martin-pecheur.d.europe.dico.1p.150.h.jpg',187),
	(748,'',0,0,'http://www.oiseaux.net/photos/aurelien.audevard/images/chardonneret.elegant.auau.4p.150.h.jpg',187),
	(749,'',1,0,'http://www.oiseaux.net/photos/didier.collin/images/cygne.tubercule.dico.4p.150.h.jpg',188),
	(750,'',0,0,'http://www.oiseaux.net/photos/didier.collin/images/rougequeue.noir.dico.7p.150.h.jpg',188),
	(751,'',0,0,'http://www.oiseaux.net/photos/didier.collin/images/goeland.argente.dico.2p.150.h.jpg',188),
	(752,'',0,0,'http://www.oiseaux.net/photos/aurelien.audevard/images/pouillot.veloce.auau.4p.150.h.jpg',188),
	(753,'',1,0,'http://www.oiseaux.net/photos/didier.collin/images/martin-pecheur.d.europe.dico.1p.150.h.jpg',189),
	(754,'',0,0,'http://www.oiseaux.net/photos/aurelien.audevard/images/pinson.des.arbres.auau.6p.150.h.jpg',189),
	(755,'',0,0,'http://www.oiseaux.net/photos/aurelien.audevard/images/bruant.proyer.auau.8p.150.h.jpg',189),
	(756,'',0,0,'http://www.oiseaux.net/photos/aurelien.audevard/images/gallinule.poule-d.eau.auau.1p.150.h.jpg',189),
	(757,'',1,0,'http://www.oiseaux.net/photos/didier.collin/images/tadorne.de.belon.dico.8p.150.h.jpg',190),
	(758,'',0,0,'http://www.oiseaux.net/photos/didier.collin/images/pigeon.ramier.dico.1p.150.h.jpg',190),
	(759,'',0,0,'http://www.oiseaux.net/photos/aurelien.audevard/images/vanneau.huppe.auau.6p.150.h.jpg',190),
	(760,'',0,0,'http://www.oiseaux.net/photos/aurelien.audevard/images/aigrette.garzette.auau.6p.150.h.jpg',190),
	(761,'',1,0,'http://www.oiseaux.net/photos/didier.collin/images/milan.noir.dico.1p.150.h.jpg',191),
	(762,'',0,0,'http://www.oiseaux.net/photos/didier.collin/images/etourneau.sansonnet.dico.5p.150.h.jpg',191),
	(763,'',0,0,'http://www.oiseaux.net/photos/didier.collin/images/cigogne.blanche.dico.4p.150.h.jpg',191),
	(764,'',0,0,'http://www.oiseaux.net/photos/aurelien.audevard/images/gallinule.poule-d.eau.auau.1p.150.h.jpg',191),
	(765,'',1,0,'http://www.oiseaux.net/photos/didier.collin/images/courlis.cendre.dico.5p.150.h.jpg',192),
	(766,'',0,0,'http://www.oiseaux.net/photos/didier.collin/images/grande.aigrette.dico.2p.150.h.jpg',192),
	(767,'',0,0,'http://www.oiseaux.net/photos/didier.collin/images/troglodyte.mignon.dico.10p.150.h.jpg',192),
	(768,'',0,0,'http://www.oiseaux.net/photos/aurelien.audevard/images/pouillot.veloce.auau.4p.150.h.jpg',192),
	(769,'',1,0,'http://www.oiseaux.net/photos/didier.collin/images/tourterelle.turque.dico.3p.150.h.jpg',193),
	(770,'',0,0,'http://www.oiseaux.net/photos/aurelien.audevard/images/vanneau.huppe.auau.6p.150.h.jpg',193),
	(771,'',0,0,'http://www.oiseaux.net/photos/aurelien.audevard/images/pouillot.veloce.auau.4p.150.h.jpg',193),
	(772,'',0,0,'http://www.oiseaux.net/photos/didier.collin/images/bouvreuil.pivoine.dico.1p.150.h.jpg',193),
	(773,'',1,0,'http://www.oiseaux.net/photos/didier.collin/images/bergeronnette.grise.dico.7p.150.h.jpg',194),
	(774,'',0,0,'http://www.oiseaux.net/photos/aurelien.audevard/images/bruant.proyer.auau.8p.150.h.jpg',194),
	(775,'',0,0,'http://www.oiseaux.net/photos/didier.collin/images/pic.vert.dico.3p.150.h.jpg',194),
	(776,'',0,0,'http://www.oiseaux.net/photos/didier.collin/images/accenteur.mouchet.dico.6p.150.h.jpg',194),
	(777,'',1,0,'http://www.oiseaux.net/photos/didier.collin/images/etourneau.sansonnet.dico.5p.150.h.jpg',195),
	(778,'',0,0,'http://www.oiseaux.net/photos/didier.collin/images/mouette.rieuse.dico.7p.150.h.jpg',195),
	(779,'',0,0,'http://www.oiseaux.net/photos/aurelien.audevard/images/bruant.proyer.auau.8p.150.h.jpg',195),
	(780,'',0,0,'http://www.oiseaux.net/photos/didier.collin/images/courlis.cendre.dico.5p.150.h.jpg',195),
	(781,'',1,0,'http://www.oiseaux.net/photos/didier.collin/images/pic.vert.dico.3p.150.h.jpg',196),
	(782,'',0,0,'http://www.oiseaux.net/photos/didier.collin/images/bergeronnette.grise.dico.7p.150.h.jpg',196),
	(783,'',0,0,'http://www.oiseaux.net/photos/didier.collin/images/mesange.bleue.dico.9p.150.h.jpg',196),
	(784,'',0,0,'http://www.oiseaux.net/photos/didier.collin/images/troglodyte.mignon.dico.10p.150.h.jpg',196),
	(785,'',1,0,'http://www.oiseaux.net/photos/didier.collin/images/grive.litorne.dico.2p.150.h.jpg',197),
	(786,'',0,0,'http://www.oiseaux.net/photos/didier.collin/images/etourneau.sansonnet.dico.5p.150.h.jpg',197),
	(787,'',0,0,'http://www.oiseaux.net/photos/didier.collin/images/flamant.rose.dico.8p.150.h.jpg',197),
	(788,'',0,0,'http://www.oiseaux.net/photos/didier.collin/images/cigogne.blanche.dico.4p.150.h.jpg',197),
	(789,'',1,0,'http://www.oiseaux.net/photos/didier.collin/images/echasse.blanche.dico.9p.150.h.jpg',198),
	(790,'',0,0,'http://www.oiseaux.net/photos/didier.collin/images/mesange.bleue.dico.9p.150.h.jpg',198),
	(791,'',0,0,'http://www.oiseaux.net/photos/didier.collin/images/milan.noir.dico.1p.150.h.jpg',198),
	(792,'',0,0,'http://www.oiseaux.net/photos/aurelien.audevard/images/vanneau.huppe.auau.6p.150.h.jpg',198),
	(793,'',1,0,'http://www.oiseaux.net/photos/didier.collin/images/canard.colvert.dico.1p.150.h.jpg',199),
	(794,'',0,0,'http://www.oiseaux.net/photos/aurelien.audevard/images/pouillot.veloce.auau.4p.150.h.jpg',199),
	(795,'',0,0,'http://www.oiseaux.net/photos/aurelien.audevard/images/vanneau.huppe.auau.6p.150.h.jpg',199),
	(796,'',0,0,'http://www.oiseaux.net/photos/didier.collin/images/troglodyte.mignon.dico.10p.150.h.jpg',199),
	(797,'',1,0,'http://www.oiseaux.net/photos/didier.collin/images/troglodyte.mignon.dico.10p.150.h.jpg',200),
	(798,'',0,0,'http://www.oiseaux.net/photos/didier.collin/images/canard.chipeau.dico.1p.150.h.jpg',200),
	(799,'',0,0,'http://www.oiseaux.net/photos/didier.collin/images/mesange.bleue.dico.9p.150.h.jpg',200),
	(800,'',0,0,'http://www.oiseaux.net/photos/aurelien.audevard/images/pouillot.veloce.auau.4p.150.h.jpg',200),
	(801,'',1,0,'http://www.oiseaux.net/photos/didier.collin/images/avocette.elegante.dico.5p.150.h.jpg',201),
	(802,'',0,0,'http://www.oiseaux.net/photos/didier.collin/images/martin-pecheur.d.europe.dico.1p.150.h.jpg',201),
	(803,'',0,0,'http://www.oiseaux.net/photos/didier.collin/images/grive.litorne.dico.2p.150.h.jpg',201),
	(804,'',0,0,'http://www.oiseaux.net/photos/didier.collin/images/bouvreuil.pivoine.dico.1p.150.h.jpg',201),
	(805,'',1,0,'http://www.oiseaux.net/photos/aurelien.audevard/images/chardonneret.elegant.auau.4p.150.h.jpg',202),
	(806,'',0,0,'http://www.oiseaux.net/photos/didier.collin/images/choucas.des.tours.dico.4p.150.h.jpg',202),
	(807,'',0,0,'http://www.oiseaux.net/photos/didier.collin/images/buse.variable.dico.1p.150.h.jpg',202),
	(808,'',0,0,'http://www.oiseaux.net/photos/aurelien.audevard/images/aigrette.garzette.auau.6p.150.h.jpg',202),
	(809,'',1,0,'http://www.oiseaux.net/photos/didier.collin/images/cigogne.blanche.dico.4p.150.h.jpg',203),
	(810,'',0,0,'http://www.oiseaux.net/photos/didier.collin/images/merle.noir.dico.3p.150.h.jpg',203),
	(811,'',0,0,'http://www.oiseaux.net/photos/didier.collin/images/mesange.a.longue.queue.dico.7p.150.h.jpg',203),
	(812,'',0,0,'http://www.oiseaux.net/photos/didier.collin/images/troglodyte.mignon.dico.10p.150.h.jpg',203),
	(813,'',1,0,'http://www.oiseaux.net/photos/didier.collin/images/verdier.d.europe.dico.3p.150.h.jpg',204),
	(814,'',0,0,'http://www.oiseaux.net/photos/didier.collin/images/cygne.tubercule.dico.4p.150.h.jpg',204),
	(815,'',0,0,'http://www.oiseaux.net/photos/aurelien.audevard/images/pouillot.veloce.auau.4p.150.h.jpg',204),
	(816,'',0,0,'http://www.oiseaux.net/photos/didier.collin/images/grande.aigrette.dico.2p.150.h.jpg',204),
	(817,'',1,0,'http://www.oiseaux.net/photos/didier.collin/images/foulque.macroule.dico.1p.150.h.jpg',205),
	(818,'',0,0,'http://www.oiseaux.net/photos/didier.collin/images/grive.musicienne.dico.1p.150.h.jpg',205),
	(819,'',0,0,'http://www.oiseaux.net/photos/didier.collin/images/milan.noir.dico.1p.150.h.jpg',205),
	(820,'',0,0,'http://www.oiseaux.net/photos/didier.collin/images/avocette.elegante.dico.5p.150.h.jpg',205),
	(821,'',1,0,'http://www.oiseaux.net/photos/aurelien.audevard/images/gallinule.poule-d.eau.auau.1p.150.h.jpg',206),
	(822,'',0,0,'http://www.oiseaux.net/photos/didier.collin/images/martin-pecheur.d.europe.dico.1p.150.h.jpg',206),
	(823,'',0,0,'http://www.oiseaux.net/photos/didier.collin/images/mesange.bleue.dico.9p.150.h.jpg',206),
	(824,'',0,0,'http://www.oiseaux.net/photos/aurelien.audevard/images/pinson.des.arbres.auau.6p.150.h.jpg',206),
	(825,'',1,0,'http://www.oiseaux.net/photos/didier.collin/images/cygne.tubercule.dico.4p.150.h.jpg',207),
	(826,'',0,0,'http://www.oiseaux.net/photos/didier.collin/images/foulque.macroule.dico.1p.150.h.jpg',207),
	(827,'',0,0,'http://www.oiseaux.net/photos/aurelien.audevard/images/pouillot.veloce.auau.4p.150.h.jpg',207),
	(828,'',0,0,'http://www.oiseaux.net/photos/didier.collin/images/grive.musicienne.dico.1p.150.h.jpg',207),
	(829,'',1,0,'http://www.oiseaux.net/photos/didier.collin/images/courlis.cendre.dico.5p.150.h.jpg',208),
	(830,'',0,0,'http://www.oiseaux.net/photos/didier.collin/images/accenteur.mouchet.dico.6p.150.h.jpg',208),
	(831,'',0,0,'http://www.oiseaux.net/photos/didier.collin/images/troglodyte.mignon.dico.10p.150.h.jpg',208),
	(832,'',0,0,'http://www.oiseaux.net/photos/aurelien.audevard/images/aigrette.garzette.auau.6p.150.h.jpg',208),
	(833,'',1,0,'http://www.oiseaux.net/photos/didier.collin/images/choucas.des.tours.dico.4p.150.h.jpg',209),
	(834,'',0,0,'http://www.oiseaux.net/photos/didier.collin/images/canard.colvert.dico.1p.150.h.jpg',209),
	(835,'',0,0,'http://www.oiseaux.net/photos/didier.collin/images/pic.epeiche.dico.4p.150.h.jpg',209),
	(836,'',0,0,'http://www.oiseaux.net/photos/didier.collin/images/flamant.rose.dico.8p.150.h.jpg',209),
	(837,'',1,0,'http://www.oiseaux.net/photos/didier.collin/images/rougequeue.noir.dico.7p.150.h.jpg',210),
	(838,'',0,0,'http://www.oiseaux.net/photos/didier.collin/images/mesange.bleue.dico.9p.150.h.jpg',210),
	(839,'',0,0,'http://www.oiseaux.net/photos/didier.collin/images/pic.vert.dico.3p.150.h.jpg',210),
	(840,'',0,0,'http://www.oiseaux.net/photos/didier.collin/images/etourneau.sansonnet.dico.5p.150.h.jpg',210),
	(841,'',1,0,'http://www.oiseaux.net/photos/didier.collin/images/grive.musicienne.dico.1p.150.h.jpg',211),
	(842,'',0,0,'http://www.oiseaux.net/photos/didier.collin/images/corneille.noire.dico.2p.150.h.jpg',211),
	(843,'',0,0,'http://www.oiseaux.net/photos/didier.collin/images/accenteur.mouchet.dico.6p.150.h.jpg',211),
	(844,'',0,0,'http://www.oiseaux.net/photos/didier.collin/images/buse.variable.dico.1p.150.h.jpg',211),
	(845,'',1,0,'http://www.oiseaux.net/photos/didier.collin/images/buse.variable.dico.1p.150.h.jpg',212),
	(846,'',0,0,'http://www.oiseaux.net/photos/didier.collin/images/troglodyte.mignon.dico.10p.150.h.jpg',212),
	(847,'',0,0,'http://www.oiseaux.net/photos/didier.collin/images/mesange.bleue.dico.9p.150.h.jpg',212),
	(848,'',0,0,'http://www.oiseaux.net/photos/didier.collin/images/corneille.noire.dico.2p.150.h.jpg',212),
	(849,'',1,0,'http://www.oiseaux.net/photos/aurelien.audevard/images/chardonneret.elegant.auau.4p.150.h.jpg',213),
	(850,'',0,0,'http://www.oiseaux.net/photos/didier.collin/images/grive.litorne.dico.2p.150.h.jpg',213),
	(851,'',0,0,'http://www.oiseaux.net/photos/didier.collin/images/tourterelle.turque.dico.3p.150.h.jpg',213),
	(852,'',0,0,'http://www.oiseaux.net/photos/didier.collin/images/rougequeue.noir.dico.7p.150.h.jpg',213),
	(853,'',1,0,'http://www.oiseaux.net/photos/aurelien.audevard/images/bruant.proyer.auau.8p.150.h.jpg',214),
	(854,'',0,0,'http://www.oiseaux.net/photos/didier.collin/images/troglodyte.mignon.dico.10p.150.h.jpg',214),
	(855,'',0,0,'http://www.oiseaux.net/photos/didier.collin/images/accenteur.mouchet.dico.6p.150.h.jpg',214),
	(856,'',0,0,'http://www.oiseaux.net/photos/didier.collin/images/cigogne.blanche.dico.4p.150.h.jpg',214),
	(857,'',1,0,'http://www.oiseaux.net/photos/aurelien.audevard/images/pinson.des.arbres.auau.6p.150.h.jpg',215),
	(858,'',0,0,'http://www.oiseaux.net/photos/didier.collin/images/sittelle.torchepot.dico.7p.150.h.jpg',215),
	(859,'',0,0,'http://www.oiseaux.net/photos/didier.collin/images/mesange.a.longue.queue.dico.7p.150.h.jpg',215),
	(860,'',0,0,'http://www.oiseaux.net/photos/didier.collin/images/buse.variable.dico.1p.150.h.jpg',215),
	(861,'',1,0,'http://www.oiseaux.net/photos/didier.collin/images/linotte.melodieuse.dico.4p.150.h.jpg',216),
	(862,'',0,0,'http://www.oiseaux.net/photos/didier.collin/images/sittelle.torchepot.dico.7p.150.h.jpg',216),
	(863,'',0,0,'http://www.oiseaux.net/photos/didier.collin/images/corneille.noire.dico.2p.150.h.jpg',216),
	(864,'',0,0,'http://www.oiseaux.net/photos/didier.collin/images/troglodyte.mignon.dico.10p.150.h.jpg',216),
	(865,'',1,0,'http://www.oiseaux.net/photos/didier.collin/images/verdier.d.europe.dico.3p.150.h.jpg',217),
	(866,'',0,0,'http://www.oiseaux.net/photos/aurelien.audevard/images/bruant.proyer.auau.8p.150.h.jpg',217),
	(867,'',0,0,'http://www.oiseaux.net/photos/didier.collin/images/bergeronnette.grise.dico.7p.150.h.jpg',217),
	(868,'',0,0,'http://www.oiseaux.net/photos/didier.collin/images/goeland.argente.dico.2p.150.h.jpg',217),
	(869,'',1,0,'http://www.oiseaux.net/photos/didier.collin/images/avocette.elegante.dico.5p.150.h.jpg',218),
	(870,'',0,0,'http://www.oiseaux.net/photos/didier.collin/images/flamant.rose.dico.8p.150.h.jpg',218),
	(871,'',0,0,'http://www.oiseaux.net/photos/didier.collin/images/courlis.cendre.dico.5p.150.h.jpg',218),
	(872,'',0,0,'http://www.oiseaux.net/photos/didier.collin/images/pic.epeiche.dico.4p.150.h.jpg',218),
	(873,'',1,0,'http://www.oiseaux.net/photos/aurelien.audevard/images/vanneau.huppe.auau.6p.150.h.jpg',219),
	(874,'',0,0,'http://www.oiseaux.net/photos/aurelien.audevard/images/aigrette.garzette.auau.6p.150.h.jpg',219),
	(875,'',0,0,'http://www.oiseaux.net/photos/didier.collin/images/avocette.elegante.dico.5p.150.h.jpg',219),
	(876,'',0,0,'http://www.oiseaux.net/photos/didier.collin/images/bouvreuil.pivoine.dico.1p.150.h.jpg',219),
	(877,'',1,0,'http://www.oiseaux.net/photos/didier.collin/images/foulque.macroule.dico.1p.150.h.jpg',220),
	(878,'',0,0,'http://www.oiseaux.net/photos/didier.collin/images/cigogne.blanche.dico.4p.150.h.jpg',220),
	(879,'',0,0,'http://www.oiseaux.net/photos/didier.collin/images/martin-pecheur.d.europe.dico.1p.150.h.jpg',220),
	(880,'',0,0,'http://www.oiseaux.net/photos/aurelien.audevard/images/bruant.proyer.auau.8p.150.h.jpg',220),
	(881,'',1,0,'http://www.oiseaux.net/photos/didier.collin/images/bouvreuil.pivoine.dico.1p.150.h.jpg',221),
	(882,'',0,0,'http://www.oiseaux.net/photos/didier.collin/images/flamant.rose.dico.8p.150.h.jpg',221),
	(883,'',0,0,'http://www.oiseaux.net/photos/didier.collin/images/rougequeue.noir.dico.7p.150.h.jpg',221),
	(884,'',0,0,'http://www.oiseaux.net/photos/didier.collin/images/mouette.rieuse.dico.7p.150.h.jpg',221),
	(885,'',1,0,'http://www.oiseaux.net/photos/didier.collin/images/pic.epeiche.dico.4p.150.h.jpg',222),
	(886,'',0,0,'http://www.oiseaux.net/photos/didier.collin/images/avocette.elegante.dico.5p.150.h.jpg',222),
	(887,'',0,0,'http://www.oiseaux.net/photos/aurelien.audevard/images/pouillot.veloce.auau.4p.150.h.jpg',222),
	(888,'',0,0,'http://www.oiseaux.net/photos/didier.collin/images/milan.noir.dico.1p.150.h.jpg',222),
	(889,'',1,0,'http://www.oiseaux.net/photos/didier.collin/images/canard.colvert.dico.1p.150.h.jpg',223),
	(890,'',0,0,'http://www.oiseaux.net/photos/didier.collin/images/bergeronnette.grise.dico.7p.150.h.jpg',223),
	(891,'',0,0,'http://www.oiseaux.net/photos/didier.collin/images/mesange.a.longue.queue.dico.7p.150.h.jpg',223),
	(892,'',0,0,'http://www.oiseaux.net/photos/didier.collin/images/mesange.bleue.dico.9p.150.h.jpg',223),
	(893,'',1,0,'http://www.oiseaux.net/photos/didier.collin/images/martin-pecheur.d.europe.dico.1p.150.h.jpg',224),
	(894,'',0,0,'http://www.oiseaux.net/photos/didier.collin/images/mouette.rieuse.dico.7p.150.h.jpg',224),
	(895,'',0,0,'http://www.oiseaux.net/photos/didier.collin/images/troglodyte.mignon.dico.10p.150.h.jpg',224),
	(896,'',0,0,'http://www.oiseaux.net/photos/didier.collin/images/accenteur.mouchet.dico.6p.150.h.jpg',224),
	(897,'',1,0,'http://www.oiseaux.net/photos/didier.collin/images/merle.noir.dico.3p.150.h.jpg',225),
	(898,'',0,0,'http://www.oiseaux.net/photos/didier.collin/images/etourneau.sansonnet.dico.5p.150.h.jpg',225),
	(899,'',0,0,'http://www.oiseaux.net/photos/didier.collin/images/pic.epeiche.dico.4p.150.h.jpg',225),
	(900,'',0,0,'http://www.oiseaux.net/photos/didier.collin/images/canard.colvert.dico.1p.150.h.jpg',225),
	(901,'',1,0,'http://www.oiseaux.net/photos/didier.collin/images/pigeon.ramier.dico.1p.150.h.jpg',226),
	(902,'',0,0,'http://www.oiseaux.net/photos/didier.collin/images/linotte.melodieuse.dico.4p.150.h.jpg',226),
	(903,'',0,0,'http://www.oiseaux.net/photos/didier.collin/images/cigogne.blanche.dico.4p.150.h.jpg',226),
	(904,'',0,0,'http://www.oiseaux.net/photos/didier.collin/images/mesange.bleue.dico.9p.150.h.jpg',226),
	(905,'',1,0,'http://www.oiseaux.net/photos/didier.collin/images/mesange.bleue.dico.9p.150.h.jpg',227),
	(906,'',0,0,'http://www.oiseaux.net/photos/didier.collin/images/cigogne.blanche.dico.4p.150.h.jpg',227),
	(907,'',0,0,'http://www.oiseaux.net/photos/didier.collin/images/milan.noir.dico.1p.150.h.jpg',227),
	(908,'',0,0,'http://www.oiseaux.net/photos/didier.collin/images/pic.noir.dico.1p.150.h.jpg',227),
	(909,'',1,0,'http://www.oiseaux.net/photos/didier.collin/images/mesange.a.longue.queue.dico.7p.150.h.jpg',228),
	(910,'',0,0,'http://www.oiseaux.net/photos/didier.collin/images/grive.musicienne.dico.1p.150.h.jpg',228),
	(911,'',0,0,'http://www.oiseaux.net/photos/didier.collin/images/foulque.macroule.dico.1p.150.h.jpg',228),
	(912,'',0,0,'http://www.oiseaux.net/photos/didier.collin/images/cigogne.blanche.dico.4p.150.h.jpg',228),
	(913,'',1,0,'http://www.oiseaux.net/photos/aurelien.audevard/images/aigrette.garzette.auau.6p.150.h.jpg',229),
	(914,'',0,0,'http://www.oiseaux.net/photos/didier.collin/images/accenteur.mouchet.dico.6p.150.h.jpg',229),
	(915,'',0,0,'http://www.oiseaux.net/photos/didier.collin/images/merle.noir.dico.3p.150.h.jpg',229),
	(916,'',0,0,'http://www.oiseaux.net/photos/didier.collin/images/cygne.tubercule.dico.4p.150.h.jpg',229),
	(917,'',1,0,'http://www.oiseaux.net/photos/didier.collin/images/milan.noir.dico.1p.150.h.jpg',230),
	(918,'',0,0,'http://www.oiseaux.net/photos/didier.collin/images/tourterelle.turque.dico.3p.150.h.jpg',230),
	(919,'',0,0,'http://www.oiseaux.net/photos/aurelien.audevard/images/bruant.proyer.auau.8p.150.h.jpg',230),
	(920,'',0,0,'http://www.oiseaux.net/photos/didier.collin/images/bergeronnette.grise.dico.7p.150.h.jpg',230),
	(921,'',1,0,'http://www.oiseaux.net/photos/didier.collin/images/goeland.argente.dico.2p.150.h.jpg',231),
	(922,'',0,0,'http://www.oiseaux.net/photos/didier.collin/images/bergeronnette.grise.dico.7p.150.h.jpg',231),
	(923,'',0,0,'http://www.oiseaux.net/photos/didier.collin/images/fuligule.milouin.dico.1p.150.h.jpg',231),
	(924,'',0,0,'http://www.oiseaux.net/photos/aurelien.audevard/images/pinson.des.arbres.auau.6p.150.h.jpg',231),
	(925,'',1,0,'http://www.oiseaux.net/photos/didier.collin/images/bergeronnette.grise.dico.7p.150.h.jpg',232),
	(926,'',0,0,'http://www.oiseaux.net/photos/didier.collin/images/pic.vert.dico.3p.150.h.jpg',232),
	(927,'',0,0,'http://www.oiseaux.net/photos/didier.collin/images/fuligule.milouin.dico.1p.150.h.jpg',232),
	(928,'',0,0,'http://www.oiseaux.net/photos/didier.collin/images/tourterelle.turque.dico.3p.150.h.jpg',232),
	(929,'',1,0,'http://www.oiseaux.net/photos/didier.collin/images/pic.noir.dico.1p.150.h.jpg',233),
	(930,'',0,0,'http://www.oiseaux.net/photos/didier.collin/images/martin-pecheur.d.europe.dico.1p.150.h.jpg',233),
	(931,'',0,0,'http://www.oiseaux.net/photos/didier.collin/images/sittelle.torchepot.dico.7p.150.h.jpg',233),
	(932,'',0,0,'http://www.oiseaux.net/photos/aurelien.audevard/images/pinson.des.arbres.auau.6p.150.h.jpg',233),
	(933,'',1,0,'http://www.oiseaux.net/photos/didier.collin/images/geai.des.chenes.dico.4p.150.h.jpg',234),
	(934,'',0,0,'http://www.oiseaux.net/photos/didier.collin/images/buse.variable.dico.1p.150.h.jpg',234),
	(935,'',0,0,'http://www.oiseaux.net/photos/didier.collin/images/etourneau.sansonnet.dico.5p.150.h.jpg',234),
	(936,'',0,0,'http://www.oiseaux.net/photos/didier.collin/images/mouette.rieuse.dico.7p.150.h.jpg',234),
	(937,'',1,0,'http://www.oiseaux.net/photos/didier.collin/images/echasse.blanche.dico.9p.150.h.jpg',235),
	(938,'',0,0,'http://www.oiseaux.net/photos/didier.collin/images/milan.noir.dico.1p.150.h.jpg',235),
	(939,'',0,0,'http://www.oiseaux.net/photos/didier.collin/images/etourneau.sansonnet.dico.5p.150.h.jpg',235),
	(940,'',0,0,'http://www.oiseaux.net/photos/didier.collin/images/pigeon.ramier.dico.1p.150.h.jpg',235),
	(941,'',1,0,'http://www.oiseaux.net/photos/didier.collin/images/grande.aigrette.dico.2p.150.h.jpg',236),
	(942,'',0,0,'http://www.oiseaux.net/photos/didier.collin/images/mesange.a.longue.queue.dico.7p.150.h.jpg',236),
	(943,'',0,0,'http://www.oiseaux.net/photos/aurelien.audevard/images/bruant.proyer.auau.8p.150.h.jpg',236),
	(944,'',0,0,'http://www.oiseaux.net/photos/didier.collin/images/flamant.rose.dico.8p.150.h.jpg',236),
	(945,'',1,0,'http://www.oiseaux.net/photos/didier.collin/images/grive.litorne.dico.2p.150.h.jpg',237),
	(946,'',0,0,'http://www.oiseaux.net/photos/didier.collin/images/pic.epeiche.dico.4p.150.h.jpg',237),
	(947,'',0,0,'http://www.oiseaux.net/photos/didier.collin/images/grande.aigrette.dico.2p.150.h.jpg',237),
	(948,'',0,0,'http://www.oiseaux.net/photos/didier.collin/images/cygne.tubercule.dico.4p.150.h.jpg',237),
	(949,'',1,0,'http://www.oiseaux.net/photos/didier.collin/images/tourterelle.turque.dico.3p.150.h.jpg',238),
	(950,'',0,0,'http://www.oiseaux.net/photos/didier.collin/images/martin-pecheur.d.europe.dico.1p.150.h.jpg',238),
	(951,'',0,0,'http://www.oiseaux.net/photos/didier.collin/images/avocette.elegante.dico.5p.150.h.jpg',238),
	(952,'',0,0,'http://www.oiseaux.net/photos/didier.collin/images/tourterelle.turque.dico.3p.150.h.jpg',238),
	(953,'',1,0,'http://www.oiseaux.net/photos/didier.collin/images/tadorne.de.belon.dico.8p.150.h.jpg',239),
	(954,'',0,0,'http://www.oiseaux.net/photos/didier.collin/images/cigogne.blanche.dico.4p.150.h.jpg',239),
	(955,'',0,0,'http://www.oiseaux.net/photos/aurelien.audevard/images/vanneau.huppe.auau.6p.150.h.jpg',239),
	(956,'',0,0,'http://www.oiseaux.net/photos/didier.collin/images/troglodyte.mignon.dico.10p.150.h.jpg',239),
	(957,'',1,0,'http://www.oiseaux.net/photos/didier.collin/images/corneille.noire.dico.2p.150.h.jpg',240),
	(958,'',0,0,'http://www.oiseaux.net/photos/didier.collin/images/pic.noir.dico.1p.150.h.jpg',240),
	(959,'',0,0,'http://www.oiseaux.net/photos/didier.collin/images/milan.noir.dico.1p.150.h.jpg',240),
	(960,'',0,0,'http://www.oiseaux.net/photos/didier.collin/images/grande.aigrette.dico.2p.150.h.jpg',240),
	(961,'',1,0,'http://www.oiseaux.net/photos/didier.collin/images/cigogne.blanche.dico.4p.150.h.jpg',241),
	(962,'',0,0,'http://www.oiseaux.net/photos/didier.collin/images/corneille.noire.dico.2p.150.h.jpg',241),
	(963,'',0,0,'http://www.oiseaux.net/photos/didier.collin/images/courlis.cendre.dico.5p.150.h.jpg',241),
	(964,'',0,0,'http://www.oiseaux.net/photos/didier.collin/images/bergeronnette.grise.dico.7p.150.h.jpg',241),
	(965,'',1,0,'http://www.oiseaux.net/photos/didier.collin/images/sittelle.torchepot.dico.7p.150.h.jpg',242),
	(966,'',0,0,'http://www.oiseaux.net/photos/didier.collin/images/martin-pecheur.d.europe.dico.1p.150.h.jpg',242),
	(967,'',0,0,'http://www.oiseaux.net/photos/didier.collin/images/cigogne.blanche.dico.4p.150.h.jpg',242),
	(968,'',0,0,'http://www.oiseaux.net/photos/didier.collin/images/mesange.bleue.dico.9p.150.h.jpg',242),
	(969,'',1,0,'http://www.oiseaux.net/photos/didier.collin/images/troglodyte.mignon.dico.10p.150.h.jpg',243),
	(970,'',0,0,'http://www.oiseaux.net/photos/didier.collin/images/tourterelle.turque.dico.3p.150.h.jpg',243),
	(971,'',0,0,'http://www.oiseaux.net/photos/didier.collin/images/buse.variable.dico.1p.150.h.jpg',243),
	(972,'',0,0,'http://www.oiseaux.net/photos/didier.collin/images/martin-pecheur.d.europe.dico.1p.150.h.jpg',243),
	(973,'',1,0,'http://www.oiseaux.net/photos/didier.collin/images/fuligule.milouin.dico.1p.150.h.jpg',244),
	(974,'',0,0,'http://www.oiseaux.net/photos/aurelien.audevard/images/gallinule.poule-d.eau.auau.1p.150.h.jpg',244),
	(975,'',0,0,'http://www.oiseaux.net/photos/didier.collin/images/bergeronnette.grise.dico.7p.150.h.jpg',244),
	(976,'',0,0,'http://www.oiseaux.net/photos/didier.collin/images/buse.variable.dico.1p.150.h.jpg',244),
	(977,'',1,0,'http://www.oiseaux.net/photos/didier.collin/images/accenteur.mouchet.dico.6p.150.h.jpg',245),
	(978,'',0,0,'http://www.oiseaux.net/photos/didier.collin/images/grande.aigrette.dico.2p.150.h.jpg',245),
	(979,'',0,0,'http://www.oiseaux.net/photos/didier.collin/images/mesange.a.longue.queue.dico.7p.150.h.jpg',245),
	(980,'',0,0,'http://www.oiseaux.net/photos/didier.collin/images/merle.noir.dico.3p.150.h.jpg',245),
	(981,'',1,0,'http://www.oiseaux.net/photos/didier.collin/images/canard.chipeau.dico.1p.150.h.jpg',246),
	(982,'',0,0,'http://www.oiseaux.net/photos/didier.collin/images/mesange.bleue.dico.9p.150.h.jpg',246),
	(983,'',0,0,'http://www.oiseaux.net/photos/didier.collin/images/cigogne.blanche.dico.4p.150.h.jpg',246),
	(984,'',0,0,'http://www.oiseaux.net/photos/didier.collin/images/etourneau.sansonnet.dico.5p.150.h.jpg',246),
	(985,'Ansériformes : Les palmipèdes',1,1,'',247),
	(986,'Piciformes : Les grimpeurs',0,1,'',247),
	(987,'Phoenicoptériformes : Les flamants',0,1,'',247),
	(988,'Gaviiformes : Les plongeons',0,1,'',247),
	(989,'Passériformes : Les passereaux',1,1,'',248),
	(990,'Charadriiformes : Les oiseaux aquatiques',0,1,'',248),
	(991,'Galliformes : Les gallinacés',0,1,'',248),
	(992,'Psittaciformes : Les becs crochus tropicaux.',0,1,'',248),
	(993,'Charadriiformes : Les oiseaux aquatiques',1,1,'',249),
	(994,'Suliformes : Suliformes',0,1,'',249),
	(995,'Bucérotiformes : Les calaos, huppes, etc.',0,1,'',249),
	(996,'Gruiformes : Les grues, râles, etc.',0,1,'',249),
	(997,'Passériformes : Les passereaux',1,1,'',250),
	(998,'Otidiformes : Les outardes',0,1,'',250),
	(999,'Phoenicoptériformes : Les flamants',0,1,'',250),
	(1000,'Ansériformes : Les palmipèdes',0,1,'',250),
	(1001,'Falconiformes : Les faucons',1,1,'',251),
	(1002,'Procellariiformes : Les pélagiques',0,1,'',251),
	(1003,'Gaviiformes : Les plongeons',0,1,'',251),
	(1004,'Accipitriformes : Les rapaces diurnes',0,1,'',251),
	(1005,'Falconiformes : Les faucons',1,1,'',252),
	(1006,'Galliformes : Les gallinacés',0,1,'',252),
	(1007,'Charadriiformes : Les oiseaux aquatiques',0,1,'',252),
	(1008,'Psittaciformes : Les becs crochus tropicaux.',0,1,'',252),
	(1009,'Charadriiformes : Les oiseaux aquatiques',1,1,'',253),
	(1010,'Psittaciformes : Les becs crochus tropicaux.',0,1,'',253),
	(1011,'Suliformes : Suliformes',0,1,'',253),
	(1012,'Ciconiiformes : Les grands échassiers',0,1,'',253),
	(1013,'Charadriiformes : Les oiseaux aquatiques',1,1,'',254),
	(1014,'Passériformes : Les passereaux',0,1,'',254),
	(1015,'Podicipédiformes : Les oiseaux aquatiques de faible taille',0,1,'',254),
	(1016,'Strigiformes : Les rapaces nocturnes',0,1,'',254),
	(1017,'Charadriiformes : Les oiseaux aquatiques',1,1,'',255),
	(1018,'Galliformes : Les gallinacés',0,1,'',255),
	(1019,'Cuculiformes : Les coucous',0,1,'',255),
	(1020,'Bucérotiformes : Les calaos, huppes, etc.',0,1,'',255),
	(1021,'Passériformes : Les passereaux',1,1,'',256),
	(1022,'Psittaciformes : Les becs crochus tropicaux.',0,1,'',256),
	(1023,'Ciconiiformes : Les grands échassiers',0,1,'',256),
	(1024,'Otidiformes : Les outardes',0,1,'',256),
	(1025,'Charadriiformes : Les oiseaux aquatiques',1,1,'',257),
	(1026,'Podicipédiformes : Les oiseaux aquatiques de faible taille',0,1,'',257),
	(1027,'Gaviiformes : Les plongeons',0,1,'',257),
	(1028,'Psittaciformes : Les becs crochus tropicaux.',0,1,'',257),
	(1029,'Ansériformes : Les palmipèdes',1,1,'',258),
	(1030,'Piciformes : Les grimpeurs',0,1,'',258),
	(1031,'Apodiformes : Les martinets, colibris, etc.',0,1,'',258),
	(1032,'Procellariiformes : Les pélagiques',0,1,'',258),
	(1033,'Passériformes : Les passereaux',1,1,'',259),
	(1034,'Gaviiformes : Les plongeons',0,1,'',259),
	(1035,'Ciconiiformes : Les grands échassiers',0,1,'',259),
	(1036,'Podicipédiformes : Les oiseaux aquatiques de faible taille',0,1,'',259),
	(1037,'Passériformes : Les passereaux',1,1,'',260),
	(1038,'Falconiformes : Les faucons',0,1,'',260),
	(1039,'Ansériformes : Les palmipèdes',0,1,'',260),
	(1040,'Bucérotiformes : Les calaos, huppes, etc.',0,1,'',260),
	(1041,'Ansériformes : Les palmipèdes',1,1,'',261),
	(1042,'Cuculiformes : Les coucous',0,1,'',261),
	(1043,'Psittaciformes : Les becs crochus tropicaux.',0,1,'',261),
	(1044,'Ciconiiformes : Les grands échassiers',0,1,'',261),
	(1045,'Passériformes : Les passereaux',1,1,'',262),
	(1046,'Charadriiformes : Les oiseaux aquatiques',0,1,'',262),
	(1047,'Ciconiiformes : Les grands échassiers',0,1,'',262),
	(1048,'Pterocliformes : Les gangas et syrrhaptes',0,1,'',262),
	(1049,'Passériformes : Les passereaux',1,1,'',263),
	(1050,'Pterocliformes : Les gangas et syrrhaptes',0,1,'',263),
	(1051,'Coraciiformes : Les martins, rolliers, guêpiers, etc.',0,1,'',263),
	(1052,'Piciformes : Les grimpeurs',0,1,'',263),
	(1053,'Pélécaniformes : Les échassiers et pélicans',1,1,'',264),
	(1054,'Podicipédiformes : Les oiseaux aquatiques de faible taille',0,1,'',264),
	(1055,'Otidiformes : Les outardes',0,1,'',264),
	(1056,'Procellariiformes : Les pélagiques',0,1,'',264),
	(1057,'Pélécaniformes : Les échassiers et pélicans',1,1,'',265),
	(1058,'Podicipédiformes : Les oiseaux aquatiques de faible taille',0,1,'',265),
	(1059,'Passériformes : Les passereaux',0,1,'',265),
	(1060,'Piciformes : Les grimpeurs',0,1,'',265),
	(1061,'Passériformes : Les passereaux',1,1,'',266),
	(1062,'Podicipédiformes : Les oiseaux aquatiques de faible taille',0,1,'',266),
	(1063,'Procellariiformes : Les pélagiques',0,1,'',266),
	(1064,'Strigiformes : Les rapaces nocturnes',0,1,'',266),
	(1065,'Pélécaniformes : Les échassiers et pélicans',1,1,'',267),
	(1066,'Psittaciformes : Les becs crochus tropicaux.',0,1,'',267),
	(1067,'Bucérotiformes : Les calaos, huppes, etc.',0,1,'',267),
	(1068,'Strigiformes : Les rapaces nocturnes',0,1,'',267),
	(1069,'Charadriiformes : Les oiseaux aquatiques',1,1,'',268),
	(1070,'Bucérotiformes : Les calaos, huppes, etc.',0,1,'',268),
	(1071,'Gruiformes : Les grues, râles, etc.',0,1,'',268),
	(1072,'Piciformes : Les grimpeurs',0,1,'',268),
	(1073,'Ansériformes : Les palmipèdes',1,1,'',269),
	(1074,'Pélécaniformes : Les échassiers et pélicans',0,1,'',269),
	(1075,'Charadriiformes : Les oiseaux aquatiques',0,1,'',269),
	(1076,'Otidiformes : Les outardes',0,1,'',269),
	(1077,'Charadriiformes : Les oiseaux aquatiques',1,1,'',270),
	(1078,'Otidiformes : Les outardes',0,1,'',270),
	(1079,'Suliformes : Suliformes',0,1,'',270),
	(1080,'Gruiformes : Les grues, râles, etc.',0,1,'',270),
	(1081,'Gruiformes : Les grues, râles, etc.',1,1,'',271),
	(1082,'Strigiformes : Les rapaces nocturnes',0,1,'',271),
	(1083,'Bucérotiformes : Les calaos, huppes, etc.',0,1,'',271),
	(1084,'Columbiformes : Les pigeons, tourterelles, colombes, etc.',0,1,'',271),
	(1085,'Charadriiformes : Les oiseaux aquatiques',1,1,'',272),
	(1086,'Passériformes : Les passereaux',0,1,'',272),
	(1087,'Ansériformes : Les palmipèdes',0,1,'',272),
	(1088,'Pélécaniformes : Les échassiers et pélicans',0,1,'',272),
	(1089,'Passériformes : Les passereaux',1,1,'',273),
	(1090,'Falconiformes : Les faucons',0,1,'',273),
	(1091,'Charadriiformes : Les oiseaux aquatiques',0,1,'',273),
	(1092,'Columbiformes : Les pigeons, tourterelles, colombes, etc.',0,1,'',273),
	(1093,'Passériformes : Les passereaux',1,1,'',274),
	(1094,'Podicipédiformes : Les oiseaux aquatiques de faible taille',0,1,'',274),
	(1095,'Ciconiiformes : Les grands échassiers',0,1,'',274),
	(1096,'Cuculiformes : Les coucous',0,1,'',274),
	(1097,'Charadriiformes : Les oiseaux aquatiques',1,1,'',275),
	(1098,'Suliformes : Suliformes',0,1,'',275),
	(1099,'Piciformes : Les grimpeurs',0,1,'',275),
	(1100,'Ciconiiformes : Les grands échassiers',0,1,'',275),
	(1101,'Passériformes : Les passereaux',1,1,'',276),
	(1102,'Piciformes : Les grimpeurs',0,1,'',276),
	(1103,'Apodiformes : Les martinets, colibris, etc.',0,1,'',276),
	(1104,'Podicipédiformes : Les oiseaux aquatiques de faible taille',0,1,'',276),
	(1105,'Passériformes : Les passereaux',1,1,'',277),
	(1106,'Psittaciformes : Les becs crochus tropicaux.',0,1,'',277),
	(1107,'Accipitriformes : Les rapaces diurnes',0,1,'',277),
	(1108,'Falconiformes : Les faucons',0,1,'',277),
	(1109,'Passériformes : Les passereaux',1,1,'',278),
	(1110,'Apodiformes : Les martinets, colibris, etc.',0,1,'',278),
	(1111,'Bucérotiformes : Les calaos, huppes, etc.',0,1,'',278),
	(1112,'Suliformes : Suliformes',0,1,'',278),
	(1113,'Ansériformes : Les palmipèdes',1,1,'',279),
	(1114,'Galliformes : Les gallinacés',0,1,'',279),
	(1115,'Psittaciformes : Les becs crochus tropicaux.',0,1,'',279),
	(1116,'Falconiformes : Les faucons',0,1,'',279),
	(1117,'Charadriiformes : Les oiseaux aquatiques',1,1,'',280),
	(1118,'Otidiformes : Les outardes',0,1,'',280),
	(1119,'Passériformes : Les passereaux',0,1,'',280),
	(1120,'Accipitriformes : Les rapaces diurnes',0,1,'',280),
	(1121,'Passériformes : Les passereaux',1,1,'',281),
	(1122,'Ciconiiformes : Les grands échassiers',0,1,'',281),
	(1123,'Pterocliformes : Les gangas et syrrhaptes',0,1,'',281),
	(1124,'Pélécaniformes : Les échassiers et pélicans',0,1,'',281),
	(1125,'Passériformes : Les passereaux',1,1,'',282),
	(1126,'Charadriiformes : Les oiseaux aquatiques',0,1,'',282),
	(1127,'Ciconiiformes : Les grands échassiers',0,1,'',282),
	(1128,'Apodiformes : Les martinets, colibris, etc.',0,1,'',282),
	(1129,'Ansériformes : Les palmipèdes',1,1,'',283),
	(1130,'Strigiformes : Les rapaces nocturnes',0,1,'',283),
	(1131,'Bucérotiformes : Les calaos, huppes, etc.',0,1,'',283),
	(1132,'Piciformes : Les grimpeurs',0,1,'',283),
	(1133,'Strigiformes : Les rapaces nocturnes',1,1,'',284),
	(1134,'Falconiformes : Les faucons',0,1,'',284),
	(1135,'Piciformes : Les grimpeurs',0,1,'',284),
	(1136,'Bucérotiformes : Les calaos, huppes, etc.',0,1,'',284),
	(1137,'Passériformes : Les passereaux',1,1,'',285),
	(1138,'Gruiformes : Les grues, râles, etc.',0,1,'',285),
	(1139,'Piciformes : Les grimpeurs',0,1,'',285),
	(1140,'Apodiformes : Les martinets, colibris, etc.',0,1,'',285),
	(1141,'Gaviiformes : Les plongeons',1,1,'',286),
	(1142,'Accipitriformes : Les rapaces diurnes',0,1,'',286),
	(1143,'Falconiformes : Les faucons',0,1,'',286),
	(1144,'Pterocliformes : Les gangas et syrrhaptes',0,1,'',286),
	(1145,'Passériformes : Les passereaux',1,1,'',287),
	(1146,'Apodiformes : Les martinets, colibris, etc.',0,1,'',287),
	(1147,'Coraciiformes : Les martins, rolliers, guêpiers, etc.',0,1,'',287),
	(1148,'Piciformes : Les grimpeurs',0,1,'',287),
	(1149,'Upupidés : Huppes',1,1,'',288),
	(1150,'Ardéidés : ',0,1,'',288),
	(1151,'Apodidés : ',0,1,'',288),
	(1152,'Hirundinidés : ',0,1,'',288),
	(1153,'Emberizidés : Bruants, tohis et alliés',1,1,'',289),
	(1154,'Régulidés : ',0,1,'',289),
	(1155,'Motacillidés : ',0,1,'',289),
	(1156,'Troglodytidés : ',0,1,'',289),
	(1157,'Anatidés : Canards, oies, cygnes...',1,1,'',290),
	(1158,'Léiothrichidés : ',0,1,'',290),
	(1159,'Aegithalidés : ',0,1,'',290),
	(1160,'Accipitridés : ',0,1,'',290),
	(1161,'Glaréolidés : Courvites et glaréoles',1,1,'',291),
	(1162,'Turdidés : ',0,1,'',291),
	(1163,'Pteroclidés : ',0,1,'',291),
	(1164,'Acrocephalidés : ',0,1,'',291),
	(1165,'Régulidés : Roitelets',1,1,'',292),
	(1166,'Procellariidés : ',0,1,'',292),
	(1167,'Phoenicoptéridés : ',0,1,'',292),
	(1168,'Phalacrocoracidés : ',0,1,'',292),
	(1169,'Laridés : Goélands, mouettes, sternes et alliés',1,1,'',293),
	(1170,'Sittidés : ',0,1,'',293),
	(1171,'Otididés : ',0,1,'',293),
	(1172,'Sturnidés : ',0,1,'',293),
	(1173,'Scolopacidés : Chevaliers, bécasseaux et alliés',1,1,'',294),
	(1174,'Podicipédidés : ',0,1,'',294),
	(1175,'Pandionidés : ',0,1,'',294),
	(1176,'Ciconiidés : ',0,1,'',294),
	(1177,'Ardéidés : Hérons, aigrettes et alliés',1,1,'',295),
	(1178,'Otididés : ',0,1,'',295),
	(1179,'Régulidés : ',0,1,'',295),
	(1180,'Phylloscopidés : ',0,1,'',295),
	(1181,'Certhiidés : Grimpereaux',1,1,'',296),
	(1182,'Podicipédidés : ',0,1,'',296),
	(1183,'Locustellidés : ',0,1,'',296),
	(1184,'Otididés : ',0,1,'',296),
	(1185,'Laridés : Goélands, mouettes, sternes et alliés',1,1,'',297),
	(1186,'Emberizidés : ',0,1,'',297),
	(1187,'Burhinidés : ',0,1,'',297),
	(1188,'Podicipédidés : ',0,1,'',297),
	(1189,'Charadriidés : Vanneaux, pluviers et gravelots',1,1,'',298),
	(1190,'Stercorariidés : ',0,1,'',298),
	(1191,'Laniidés : ',0,1,'',298),
	(1192,'Sylviidés : ',0,1,'',298),
	(1193,'Fringillidés : Pinsons, roselins, serins et alliés',1,1,'',299),
	(1194,'Passéridés : ',0,1,'',299),
	(1195,'Burhinidés : ',0,1,'',299),
	(1196,'Pandionidés : ',0,1,'',299),
	(1197,'Oriolidés : Loriots et alliés',1,1,'',300),
	(1198,'Apodidés : ',0,1,'',300),
	(1199,'Régulidés : ',0,1,'',300),
	(1200,'Pélécanidés : ',0,1,'',300),
	(1201,'Rallidés : Foulques, râles, marouettes et alliés',1,1,'',301),
	(1202,'Hirundinidés : ',0,1,'',301),
	(1203,'Apodidés : ',0,1,'',301),
	(1204,'Podicipédidés : ',0,1,'',301),
	(1205,'Falconidés : Faucons et caracaras',1,1,'',302),
	(1206,'Emberizidés : ',0,1,'',302),
	(1207,'Pandionidés : ',0,1,'',302),
	(1208,'Picidés : ',0,1,'',302),
	(1209,'Motacillidés : Pipits, bergeronnettes et alliés',1,1,'',303),
	(1210,'Sturnidés : ',0,1,'',303),
	(1211,'Estrildidés : ',0,1,'',303),
	(1212,'Cisticolidés : ',0,1,'',303),
	(1213,'Motacillidés : Pipits, bergeronnettes et alliés',1,1,'',304),
	(1214,'Régulidés : ',0,1,'',304),
	(1215,'Phasianidés : ',0,1,'',304),
	(1216,'Locustellidés : ',0,1,'',304),
	(1217,'Laridés : Goélands, mouettes, sternes et alliés',1,1,'',305),
	(1218,'Phasianidés : ',0,1,'',305),
	(1219,'Anatidés : ',0,1,'',305),
	(1220,'Viréonidés : ',0,1,'',305),
	(1221,'Récurvirostridés : Avocettes et échasses ',1,1,'',306),
	(1222,'Cinclidés : ',0,1,'',306),
	(1223,'Sulidés : ',0,1,'',306),
	(1224,'Picidés : ',0,1,'',306),
	(1225,'Pélécanidés : Pélicans',1,1,'',307),
	(1226,'Hirundinidés : ',0,1,'',307),
	(1227,'Psittacidés : ',0,1,'',307),
	(1228,'Sylviidés : ',0,1,'',307),
	(1229,'Charadriidés : Vanneaux, pluviers et gravelots',1,1,'',308),
	(1230,'Gruidés : ',0,1,'',308),
	(1231,'Pandionidés : ',0,1,'',308),
	(1232,'Otididés : ',0,1,'',308),
	(1233,'Laridés : Goélands, mouettes, sternes et alliés',1,1,'',309),
	(1234,'Prunellidés : ',0,1,'',309),
	(1235,'Threskiornithidés : ',0,1,'',309),
	(1236,'Gruidés : ',0,1,'',309),
	(1237,'Phasianidés : Faisans, francolins, perdrix, tétras et alliés',1,1,'',310),
	(1238,'Alaudidés : ',0,1,'',310),
	(1239,'Panuridés : ',0,1,'',310),
	(1240,'Sturnidés : ',0,1,'',310),
	(1241,'Strigidés : Chouettes et hiboux',1,1,'',311),
	(1242,'Alaudidés : ',0,1,'',311),
	(1243,'Acrocephalidés : ',0,1,'',311),
	(1244,'Certhiidés : ',0,1,'',311),
	(1245,'Psittacidés : Perroquets, perruches et alliés',1,1,'',312),
	(1246,'Alaudidés : ',0,1,'',312),
	(1247,'Sittidés : ',0,1,'',312),
	(1248,'Glaréolidés : ',0,1,'',312),
	(1249,'Alaudidés : Alouettes et alliers',1,1,'',313),
	(1250,'Régulidés : ',0,1,'',313),
	(1251,'Phalacrocoracidés : ',0,1,'',313),
	(1252,'Panuridés : ',0,1,'',313),
	(1253,'Alcidés : Guillemots, pingouins et alliés',1,1,'',314),
	(1254,'Fringillidés : ',0,1,'',314),
	(1255,'Phylloscopidés : ',0,1,'',314),
	(1256,'Otididés : ',0,1,'',314),
	(1257,'Anatidés : Canards, oies, cygnes...',1,1,'',315),
	(1258,'Ciconiidés : ',0,1,'',315),
	(1259,'Sylviidés : ',0,1,'',315),
	(1260,'Picidés : ',0,1,'',315),
	(1261,'Threskiornithidés : Ibis et spatules',1,1,'',316),
	(1262,'Troglodytidés : ',0,1,'',316),
	(1263,'Motacillidés : ',0,1,'',316),
	(1264,'Pélécanidés : ',0,1,'',316),
	(1265,'Ciconiidés : Cigognes et alliés',1,1,'',317),
	(1266,'Charadriidés : ',0,1,'',317),
	(1267,'Procellariidés : ',0,1,'',317),
	(1268,'Alaudidés : ',0,1,'',317),
	(1269,'Emberizidés : Bruants, tohis et alliés',1,1,'',318),
	(1270,'Troglodytidés : ',0,1,'',318),
	(1271,'Corvidés : ',0,1,'',318),
	(1272,'Sulidés : ',0,1,'',318),
	(1273,'Phalacrocoracidés : Cormorans',1,1,'',319),
	(1274,'Picidés : ',0,1,'',319),
	(1275,'Phoenicoptéridés : ',0,1,'',319),
	(1276,'Charadriidés : ',0,1,'',319),
	(1277,'Psittacidés : Perroquets, perruches et alliés',1,1,'',320),
	(1278,'Haematopodidés : ',0,1,'',320),
	(1279,'Acrocephalidés : ',0,1,'',320),
	(1280,'Alaudidés : ',0,1,'',320),
	(1281,'Calcariidés : Bruants de l\'hémisphère nord (pro parte)',1,1,'',321),
	(1282,'Accipitridés : ',0,1,'',321),
	(1283,'Sulidés : ',0,1,'',321),
	(1284,'Muscicapidés : ',0,1,'',321),
	(1285,'Anatidés : Canards, oies, cygnes...',1,1,'',322),
	(1286,'Gruidés : ',0,1,'',322),
	(1287,'Calcariidés : ',0,1,'',322),
	(1288,'Haematopodidés : ',0,1,'',322),
	(1289,'Muscicapidés : Gobemouches, rougequeues, traquets et alliés',1,1,'',323),
	(1290,'Acrocephalidés : ',0,1,'',323),
	(1291,'Phoenicoptéridés : ',0,1,'',323),
	(1292,'Alcédinidés : ',0,1,'',323),
	(1293,'Rallidés : Foulques, râles, marouettes et alliés',1,1,'',324),
	(1294,'Panuridés : ',0,1,'',324),
	(1295,'Sylviidés : ',0,1,'',324),
	(1296,'Estrildidés : ',0,1,'',324),
	(1297,'Acrocephalidés : Rousserolles, hypolaïs et alliés',1,1,'',325),
	(1298,'Gaviidés : ',0,1,'',325),
	(1299,'Alcédinidés : ',0,1,'',325),
	(1300,'Glaréolidés : ',0,1,'',325),
	(1301,'Strigidés : Chouettes et hiboux',1,1,'',326),
	(1302,'Ardéidés : ',0,1,'',326),
	(1303,'Burhinidés : ',0,1,'',326),
	(1304,'Haematopodidés : ',0,1,'',326),
	(1305,'Motacillidés : Pipits, bergeronnettes et alliés',1,1,'',327),
	(1306,'Upupidés : ',0,1,'',327),
	(1307,'Ardéidés : ',0,1,'',327),
	(1308,'Alcédinidés : ',0,1,'',327),
	(1309,'Accipitridés : Vautours, aigles, buses et alliés',1,1,'',328),
	(1310,'Pélécanidés : ',0,1,'',328),
	(1311,'Aegithalidés : ',0,1,'',328),
	(1312,'Acrocephalidés : ',0,1,'',328),
	(1313,'Pouillot boréal',1,1,'',329),
	(1314,'Pinson du Nord',0,1,'',329),
	(1315,'Roselin githagine',0,1,'',329),
	(1316,'Guifette moustac',0,1,'',329),
	(1317,'Balbuzard pêcheur',1,1,'',330),
	(1318,'Corneille noire',0,1,'',330),
	(1319,'Guillemot de Troïl',0,1,'',330),
	(1320,'Syrrhapte paradoxal',0,1,'',330),
	(1321,'Bruant cendrillard',1,1,'',331),
	(1322,'Sittelle torchepot',0,1,'',331),
	(1323,'Traquet oreillard',0,1,'',331),
	(1324,'Gobemouche à collier',0,1,'',331),
	(1325,'Goéland railleur',1,1,'',332),
	(1326,'Pipit des arbres',0,1,'',332),
	(1327,'Ibis sacré',0,1,'',332),
	(1328,'Grand Labbe',0,1,'',332),
	(1329,'??tourneau sansonnet',1,1,'',333),
	(1330,'Cisticole des joncs',0,1,'',333),
	(1331,'Bruant proyer',0,1,'',333),
	(1332,'Pic épeiche',0,1,'',333),
	(1333,'Garrot albéole',1,1,'',334),
	(1334,'Mésange nonnette',0,1,'',334),
	(1335,'Ibis falcinelle',0,1,'',334),
	(1336,'Mésange à longue queue',0,1,'',334),
	(1337,'Grive mauvis',1,1,'',335),
	(1338,'Perdrix grise',0,1,'',335),
	(1339,'Traquet du désert',0,1,'',335),
	(1340,'Rousserolle turdoïde',0,1,'',335),
	(1341,'Cigogne blanche',1,1,'',336),
	(1342,'Troglodyte mignon',0,1,'',336),
	(1343,'Pluvier fauve',0,1,'',336),
	(1344,'Faucon pèlerin',0,1,'',336),
	(1345,'Roselin githagine',1,1,'',337),
	(1346,'Buse variable',0,1,'',337),
	(1347,'Bécasseau d\'Alaska',0,1,'',337),
	(1348,'Fauvette passerinette',0,1,'',337),
	(1349,'Coucou gris',1,1,'',338),
	(1350,'Hirondelle de rochers',0,1,'',338),
	(1351,'Puffin des Anglais',0,1,'',338),
	(1352,'Traquet oreillard',0,1,'',338),
	(1353,'Barge à queue noire',1,1,'',339),
	(1354,'Venturon montagnard',0,1,'',339),
	(1355,'Cincle plongeur',0,1,'',339),
	(1356,'Puffin des Anglais',0,1,'',339),
	(1357,'Loriot d\'Europe',1,1,'',340),
	(1358,'Cormoran à aigrettes',0,1,'',340),
	(1359,'Harle bièvre',0,1,'',340),
	(1360,'Corneille mantelée',0,1,'',340),
	(1361,'Cygne chanteur',1,1,'',341),
	(1362,'Locustelle luscinioïde',0,1,'',341),
	(1363,'Moineau domestique',0,1,'',341),
	(1364,'Tadorne casarca',0,1,'',341),
	(1365,'Courlis corlieu',1,1,'',342),
	(1366,'Fuligule morillon',0,1,'',342),
	(1367,'Grue cendrée',0,1,'',342),
	(1368,'Marouette ponctuée',0,1,'',342),
	(1369,'Traquet motteux',1,1,'',343),
	(1370,'Pouillot véloce',0,1,'',343),
	(1371,'Panure à moustaches',0,1,'',343),
	(1372,'Pouillot fitis',0,1,'',343),
	(1373,'Hypolaïs polyglotte',1,1,'',344),
	(1374,'Flamant rose',0,1,'',344),
	(1375,'Coucou gris',0,1,'',344),
	(1376,'Pie-grièche écorcheur',0,1,'',344),
	(1377,'Hirondelle rustique',1,1,'',345),
	(1378,'Butor étoilé',0,1,'',345),
	(1379,'Goéland d\'Audouin',0,1,'',345),
	(1380,'Grive à dos olive',0,1,'',345),
	(1381,'Tournepierre à collier',1,1,'',346),
	(1382,'Ibis sacré',0,1,'',346),
	(1383,'Mésange huppée',0,1,'',346),
	(1384,'Harelde boréale',0,1,'',346),
	(1385,'Pinson du Nord',1,1,'',347),
	(1386,'Fauvette à tête noire',0,1,'',347),
	(1387,'Chevêche d\'Athéna',0,1,'',347),
	(1388,'Pie-grièche masquée',0,1,'',347),
	(1389,'Grèbe esclavon',1,1,'',348),
	(1390,'Bergeronnette grise',0,1,'',348),
	(1391,'Coucou gris',0,1,'',348),
	(1392,'Grèbe à cou noir',0,1,'',348),
	(1393,'Geai des chênes',1,1,'',349),
	(1394,'Hibou des marais',0,1,'',349),
	(1395,'Cygne de Bewick',0,1,'',349),
	(1396,'Pic vert',0,1,'',349),
	(1397,'Garrot à oeil d\'or',1,1,'',350),
	(1398,'Aigrette garzette',0,1,'',350),
	(1399,'Bruant à sourcils jaunes',0,1,'',350),
	(1400,'Mésange nonnette',0,1,'',350),
	(1401,'Guêpier d\'Europe',1,1,'',351),
	(1402,'Faucon sacre',0,1,'',351),
	(1403,'Fuligule milouin',0,1,'',351),
	(1404,'Gravelot de Leschenault',0,1,'',351),
	(1405,'Rousserolle turdoïde',1,1,'',352),
	(1406,'Bécasseau sanderling',0,1,'',352),
	(1407,'Goéland cendré',0,1,'',352),
	(1408,'Chevalier aboyeur',0,1,'',352),
	(1409,'Grosbec casse-noyaux',1,1,'',353),
	(1410,'Pouillot fitis',0,1,'',353),
	(1411,'Gravelot à collier interrompu',0,1,'',353),
	(1412,'Grèbe à cou noir',0,1,'',353),
	(1413,'Aigle criard',1,1,'',354),
	(1414,'Roselin cramoisi',0,1,'',354),
	(1415,'Grand Labbe',0,1,'',354),
	(1416,'Oedicnème criard',0,1,'',354),
	(1417,'Sterne naine',1,1,'',355),
	(1418,'Combattant varié',0,1,'',355),
	(1419,'Tourterelle des bois',0,1,'',355),
	(1420,'Vautour percnoptère',0,1,'',355),
	(1421,'Serin cini',1,1,'',356),
	(1422,'Grive litorne',0,1,'',356),
	(1423,'Bruant masqué',0,1,'',356),
	(1424,'Aigrette des récifs',0,1,'',356),
	(1425,'Mésange boréale',1,1,'',357),
	(1426,'Bergeronnette printanière',0,1,'',357),
	(1427,'Grèbe à cou noir',0,1,'',357),
	(1428,'Bruant masqué',0,1,'',357),
	(1429,'Héron cendré',1,1,'',358),
	(1430,'Bruant ortolan',0,1,'',358),
	(1431,'Pingouin torda',0,1,'',358),
	(1432,'Pic mar',0,1,'',358),
	(1433,'Rousserolle effarvatte',1,1,'',359),
	(1434,'Bécasseau tacheté',0,1,'',359),
	(1435,'Fauvette orphée',0,1,'',359),
	(1436,'Puffin des Anglais',0,1,'',359),
	(1437,'Pipit à gorge rousse',1,1,'',360),
	(1438,'Grand Héron',0,1,'',360),
	(1439,'Pie-grièche méridionale',0,1,'',360),
	(1440,'Flamant rose',0,1,'',360),
	(1441,'Eider à duvet',1,1,'',361),
	(1442,'Corneille noire',0,1,'',361),
	(1443,'Grive à dos olive',0,1,'',361),
	(1444,'Rougequeue noir',0,1,'',361),
	(1445,'Pouillot de Pallas',1,1,'',362),
	(1446,'Tadorne de Belon',0,1,'',362),
	(1447,'Pipit rousseline',0,1,'',362),
	(1448,'Locustelle luscinioïde',0,1,'',362),
	(1449,'Combattant varié',1,1,'',363),
	(1450,'Tourterelle des bois',0,1,'',363),
	(1451,'Sittelle torchepot',0,1,'',363),
	(1452,'Gobemouche à collier',0,1,'',363),
	(1453,'Pic vert',1,1,'',364),
	(1454,'Pie-grièche à tête rousse',0,1,'',364),
	(1455,'Torcol fourmilier',0,1,'',364),
	(1456,'Huppe fasciée',0,1,'',364),
	(1457,'Macreuse à bec jaune',1,1,'',365),
	(1458,'Râle d\'eau',0,1,'',365),
	(1459,'Rossignol philomèle',0,1,'',365),
	(1460,'Perdrix grise',0,1,'',365),
	(1461,'Roitelet triple-bandeau',1,1,'',366),
	(1462,'Grive dorée',0,1,'',366),
	(1463,'Hirondelle rousseline',0,1,'',366),
	(1464,'Sterne pierregarin',0,1,'',366),
	(1465,'Rossignol philomèle',1,1,'',367),
	(1466,'Pélican blanc',0,1,'',367),
	(1467,'Pipit de Godlewski',0,1,'',367),
	(1468,'Fuligule morillon',0,1,'',367),
	(1469,'Merle noir',1,1,'',368),
	(1470,'Pipit à dos olive',0,1,'',368),
	(1471,'Monticole bleu',0,1,'',368),
	(1472,'Coucou gris',0,1,'',368),
	(1473,'Marouette ponctuée',1,1,'',369),
	(1474,'Bruant à calotte blanche',0,1,'',369),
	(1475,'Canard à front blanc',0,1,'',369),
	(1476,'Chevalier guignette',0,1,'',369);

/*!40000 ALTER TABLE `reponses` ENABLE KEYS */;
UNLOCK TABLES;



/*!40111 SET SQL_NOTES=@OLD_SQL_NOTES */;
/*!40101 SET SQL_MODE=@OLD_SQL_MODE */;
/*!40014 SET FOREIGN_KEY_CHECKS=@OLD_FOREIGN_KEY_CHECKS */;
/*!40101 SET CHARACTER_SET_CLIENT=@OLD_CHARACTER_SET_CLIENT */;
/*!40101 SET CHARACTER_SET_RESULTS=@OLD_CHARACTER_SET_RESULTS */;
/*!40101 SET COLLATION_CONNECTION=@OLD_COLLATION_CONNECTION */;
